{
  "sections": {
    "main": {
      "type": "main-password",
      "settings": {
        "title": "FOLTZ FANWEAR",
        "subtitle": "Coming Soon",
        "message": "We're working hard to bring you the best soccer jerseys. Enter the password to preview the store.",
        "show_newsletter": true,
        "newsletter_title": "Get notified when we launch",
        "newsletter_text": "Be the first to know when we go live and get exclusive launch offers.",
        "show_social": true
      }
    }
  },
  "order": [
    "main"
  ]
}
