{"type":"footer","name":"Grupo do rodapé","sections":{"text-with-icons":{"type":"text-with-icons","blocks":{"free-shipping":{"type":"item","settings":{"icon":"picto-box","mobile_icon_width":24,"icon_width":24,"icon_background_type":"none","icon_background":"rgba(0,0,0,0)","icon_color":"rgba(0,0,0,0)","title":"Envio gratuito","content":"<p>Frete cortesia para todas as compras<\/p>"}},"customer-support":{"type":"item","settings":{"icon":"picto-chat","mobile_icon_width":24,"icon_width":24,"icon_background_type":"none","icon_background":"rgba(0,0,0,0)","icon_color":"rgba(0,0,0,0)","title":"Suporte humano","content":"<p>Atendimento dedicado, todos os dias<\/p>"}},"payment":{"type":"item","settings":{"icon":"picto-secure-profile","mobile_icon_width":24,"icon_width":24,"icon_background_type":"none","icon_background":"rgba(0,0,0,0)","icon_color":"rgba(0,0,0,0)","title":"Compra segura","content":"<p>Transações 100% protegidas<\/p>"}},"discount":{"type":"item","settings":{"icon":"picto-gift","mobile_icon_width":24,"icon_width":24,"icon_background_type":"none","icon_background":"rgba(0,0,0,0)","icon_color":"rgba(0,0,0,0)","title":"Desconto único","content":"<p>Aproveite ofertas exclusivas!<\/p>"}}},"block_order":["free-shipping","customer-support","payment","discount"],"settings":{"full_width":true,"stack_on_mobile":false,"title":"","heading_tag":"h6","text_alignment":"center","icon_spacing":"small","background":"rgba(0,0,0,0)","background_gradient":"","text_color":"rgba(0,0,0,0)"}},"footer":{"type":"footer","blocks":{"newsletter":{"type":"newsletter","settings":{"image_width":110,"heading_size":"h4","title":"Inscreva-se para novas promoções e ofertas exclusivas","content":""}},"links_qkeFGb":{"type":"links","settings":{"menu":"footer","show_menu_title":true}},"links":{"type":"links","settings":{"menu":"","show_menu_title":false}},"links_iyFCPV":{"type":"links","settings":{"menu":"","show_menu_title":false}},"text":{"type":"text","settings":{"title":"Sobre Nós","content":"<p>Use esta área de texto para contar aos seus clientes sobre sua marca e visão. Você pode alterá-la no editor de tema.<\/p>","enable_follow_on_shop":true}}},"block_order":["newsletter","links_qkeFGb","links","links_iyFCPV","text"],"settings":{"show_social_media":true,"show_payment_icons":false,"show_shipping_icons":false,"color_shipping_icons":"black","show_security_icons":false,"color_security_icons":"black","selo1":"","selo2":"","selo3":"","show_country_selector":true,"show_country_flag":true,"show_country_name":true,"show_locale_selector":true,"show_sub_footer":false,"logo_tone_sub_footer":"purple","logo_redirect_sub_footer":"no"}}},"order":["text-with-icons","footer"]}