{"type":"header","name":"Grupo do cabeçalho","sections":{"announcement-bar":{"type":"announcement-bar","blocks":{"message":{"type":"message","settings":{"text":"Entrega Grátis Para Sua Região ✈️","url":""}},"message_PgXaKk":{"type":"message","settings":{"text":"Parcele Em Até 12x Vezes Suas Compras🔥","url":""}}},"block_order":["message","message_PgXaKk"],"settings":{"enable_sticky":false,"text_size":"text-xs","navigation_mode":"scrolling","scrolling_speed":10,"background":"#1a1a1a","background_gradient":"","text_color":"#ffffff"}},"header":{"type":"header","blocks":{"mega_menu_qw7z9U":{"type":"mega_menu","settings":{"menu_item":"Coleções","layout":"horizontal","submenu_style":"bold_heading","image_heading_1":"Midi Decote V","image_link_1":"shopify:\/\/products\/vestido-midi-decote-v-com-manga-ampla-e-aplicacoes-branco","image_text_color_1":"#ffffff","image_heading_2":"Calça Pantalona","image_link_2":"shopify:\/\/products\/calca-feminina-pantalona-em-viscolinho-palmeira-bege","image_text_color_2":"#ffffff","image_heading_3":"Calça Paetê","image_link_3":"shopify:\/\/products\/calca-feminina-pantalona-paete-com-brilho-prata","image_text_color_3":"#ffffff","product":"","product_card_background":"","product_card_text_color":"","promo_content_layout":"grid","stretch_promo":true,"drawer_link_image":"hide"}}},"block_order":["mega_menu_qw7z9U"],"custom_css":[".header {font-weight: bolder;}"],"settings":{"enable_sticky":true,"hide_on_scroll":false,"track_icon_header":false,"rastreiopage":"rastrear-pedido","logo":"shopify:\/\/shop_images\/Shopify_Logo_7f1ec243-89a1-4c5c-b497-50b21b2fb61c.png","logo_max_width":140,"logo_mobile_max_width":110,"menu":"main-menu","sidebar_menu":"","secondary_menu":"","menu_open_trigger":"hover","opening_from":"bottom","layout":"logo_left_navigation_center","show_social_media":true,"show_locale_selector":true,"show_country_selector":true,"show_country_flag":true,"show_country_name":false,"transparent_header_text_color":"#272727","reduce_padding":false,"background_opacity":100,"background_blur_radius":0}}},"order":["announcement-bar","header"]}