{"type":"custom.overlay","name":"Sobreposições","sections":{"newsletter-popup":{"type":"newsletter-popup","settings":{"apparition_delay":5,"show_only_on_index":true,"show_only_for_visitors":true,"show_only_once":true,"image":"shopify:\/\/shop_images\/a-beautiful-woman-with-long-loose-black-_zbANgATfQwejwnC8wlqVmQ_ha2K7O8CQ_avno1MNHJweQ.png","title":"Cadastre-se em nosso newsletter","button_text":"Inscrever","subtext":"Descreva o que seus clientes receberão ao assinar sua newsletter."}},"privacy-banner":{"type":"privacy-banner","settings":{"privacy_bar_title":"Política de Privacidade & Cookies","privacy_bar_content":"<p>Utilizamos cookies e tecnologias semelhantes para proporcionar a melhor experiência em nosso site. Consulte nossa Política de Privacidade para obter mais informações.<\/p>"}},"cart-drawer":{"type":"cart-drawer","settings":{"show_cart_note":true,"show_shipping_text":false,"show_view_cart_button":true,"show_checkout_button":true,"recommendations_title":"Compre junto","products":["calca-feminina-pantalona-de-viscolinho-com-faixa-branca","calca-feminina-pantalona-em-viscolinho-palmeira-bege","calca-feminina-pantalona-paete-com-brilho-prata"],"product_card_background":"#f2f2f2","product_card_text_color":""}},"search-drawer":{"type":"search-drawer","settings":{"full_width":false,"show_article_category":true,"search_menu":"navega-o","search_menu_show_title":false}}},"order":["newsletter-popup","privacy-banner","cart-drawer","search-drawer"]}