{"current":{"license_key":"","terms_agreement":false,"page_width":1600,"section_vertical_spacing":"medium","section_boxed_horizontal_spacing":"medium","button_border_radius":60,"input_border_radius":8,"block_border_radius":24,"block_shadow_opacity":10,"block_shadow_vertical_offset":18,"block_shadow_blur":50,"icon_stroke_width":2,"icon_style":"duo","button_style":"fill","button_hover_effect":"fade","background":"#f0f0f0","text_color":"#1a1a1a","success_color":"#00a341","warning_color":"#ffb74a","error_color":"#f83a3a","background_rodela_carrinho":"#272727","header_background":"#f0f0f0","header_text_color":"#1a1a1a","footer_background":"#ffffff","footer_text_color":"#1a1a1a","primary_button_background":"#1a1a1a","primary_button_text_color":"#ffffff","secondary_button_background":"#f0c417","secondary_button_text_color":"#1a1a1a","product_card_background":"#ffffff","product_card_text_color":"#1a1a1a","product_free_shipping":"#1a1a1a","product_rating_color":"#1a1a1a","product_on_sale_accent":"#1a1a1a","price_compair_card":"#f83a3a","product_badge_desconto":"#f83a3a","product_badge_desconto_text":"#ffffff","product_sold_out_badge_background":"#c2c2c2","product_primary_badge_background":"#c2c2c2","heading_font":"barlow_n7","heading_font_size":"large","heading_text_transform":"normal","heading_letter_spacing":-2,"text_font":"barlow_n4","text_font_size_desktop":16,"text_font_letter_spacing":0,"pix_desconto_valor":10,"payment_mode":"external","show_installments":false,"modo_parcelamento":12,"semjuros_parcelamento":4,"methods_payment_show_compra_segura":false,"methods_payment_show_bandeiras_aceitas":false,"currency_code_enabled":false,"show_page_transition":true,"zoom_image_on_hover":false,"reduce_menu_animation":false,"heading_apparition":"split_rotation","color_swatch_style":"round","color_swatch_config":"Turquesa: #40E0D0\nAmarelo Claro: #FFFFE0\nVerde Limão: #32CD32\nPêssego: #FFDAB9\nRoxo Claro: #E6E6FA\nSalmão: #FA8072\nLavanda: #E6E6FA\nVermelho Vivo: #FF6347\nAzul Céu: #87CEEB\nCinza Claro: #D3D3D3\nVerde Oliva: #808000\nVermelho Coral: #FF4040\nLima: #00FF00\nRosa Choque: #FF69B4\nChocolate: #D2691E\nPúrpura: #800080\nDamasco: #FFE5B4\nSiena: #A0522D\nCarvão: #36454F\nVerde Jade: #00A86B\nPreto: #000000\nBranco: #fff\nVerde: #2A9D94\nAmarelo: #DDE032\nAzul: #3A71EC\nVermelho: #E34F4F\nRoxo: #BA6FE3\nMarrom: #A15337\nRosa: #CE618F\nCinza: #D6D1CA\nAzul Marinho: #465ADE\nAzul-Marinho: #465ADE\nLaranja: #FFA500\nCaqui: #F0E68C\nKaki: #F0E68C\nCafé: #A18262\nDourado: #daa520\nVerde Militar: #78866b\nBege: #D9D9AF\nChumbo: #5b5b58\nVinho: #5e2129\nCinza Escuro: #a9a9a9\nBranco com laranja: #FFA500\nBranco com azul: #0000FF\nPreto\/Vermelho: #FF0000\nPreto\/Amarelo: #FFFF00\nPreto\/Branco: #fff\nPreto\/Dourado: #daa520\nBranco\/Cinza: #808080\nBranco\/Vermelho\/Azul: #FF0000\nAzul Cruzado: #0000FF\nPreto\/Rosa: #FFC0CB\nPreto\/Azul: #0000FF\nAzul\/Laranja: #FFA500\nCinza\/Azul: #0000FF\nPreto\/Branco: #000000\nPreto\/Preto: #000000\nVerde Neon: #008000\nPreta: #000000\nNude: #CD853F\nPreto com cinza: #808080\nPreto\/Branco: #000000\nAreia: #f5f5dc\nCastanha: #CD853F\nPrateado: #f7eee1\nAzul Claro: #98b2d4\nAzul Escuro: #3d4267\nVinho: #ad2e44\nVermelho escuro: #ad2e44\nCreme: #e3c799\nPrata: #e4e4e4\nPrata e Rosa: #f8dcc3\nOff White: #5847\nAzul Cadete: #339999\nOuro: #daa520","product_info_alignment":"start","product_image_aspect_ratio":"tall_crop","product_color_display":"swatch","discount_mode":"saving","show_free_shipping":true,"free_shipping_text":"Frete Grátis","free_shipping_color":"#006c67","show_vendor":true,"show_quick_buy":true,"show_sold_out_badge":true,"cart_type":"popover","cart_icon":"shopping_basket","cart_show_free_shipping_threshold":true,"social_facebook":"https:\/\/tiny.cc\/protemasbrasil","social_twitter":"https:\/\/tiny.cc\/protemasbrasil","social_threads":"https:\/\/tiny.cc\/protemasbrasil","social_pinterest":"","social_instagram":"https:\/\/tiny.cc\/protemasbrasil","social_vimeo":"","social_whatsapp":"https:\/\/tiny.cc\/protemasbrasil","social_tumblr":"","social_youtube":"","social_tiktok":"https:\/\/tiny.cc\/protemasbrasil","social_linkedin":"","social_snapchat":"","social_fancy":"","social_wechat":"","social_reddit":"","social_line":"","social_spotify":"","social_21buttons":"","favicon":"shopify:\/\/shop_images\/Favicon_93c9912c-bb03-4d34-90fb-854e9d36b70f.png","cart_free_shipping_threshold":0,"price_simulator_ship_1":9,"price_simulator_ship":0,"standard_ship":2,"active_number_tabel":true,"active_size_tabel":true,"identificator":"","show_ticket":false,"estender_border_b_radius":true,"ship_secondary_color":"#797979","colorp_progress":"#f1f1f1","colors_progress":"#272727","alt_progress":8,"font_progress":12,"ali_hunter_enable":false,"botao_direito_enable":false,"atalho_f12_enable":false,"selecionar_conteudo_enable":false,"whatsapp_button_enabled":true,"whatsapp_link":"https:\/\/www.whatsapp.com\/","block_f12_right_button":false,"checkout_body_background_color":"#fff","checkout_sidebar_background_color":"#f5f5f5","checkout_accent_color":"#f0c417","checkout_button_color":"#1a1a1a","show_pix":false,"content_for_index":[]},"presets":{"Sound":{"section_vertical_spacing":"medium","button_border_radius":60,"input_border_radius":8,"block_border_radius":24,"block_shadow_opacity":10,"block_shadow_vertical_offset":18,"background":"#f0f0f0","text_color":"#1a1a1a","header_background":"#f0f0f0","header_text_color":"#1a1a1a","footer_background":"#ffffff","footer_text_color":"#1a1a1a","primary_button_background":"#1a1a1a","primary_button_text_color":"#ffffff","secondary_button_background":"#f0c417","secondary_button_text_color":"#1a1a1a","product_card_text_color":"#1a1a1a","product_primary_badge_background":"#803cee","heading_font":"din_next_n7","heading_font_size":"large","heading_letter_spacing":-2,"text_font":"din_next_n4","show_page_transition":true,"cart_icon":"shopping_basket","heading_apparition":"split_fade","product_color_display":"swatch","product_info_alignment":"start","checkout_accent_color":"#f0c417","checkout_button_color":"#1a1a1a"},"Home":{"section_vertical_spacing":"medium","section_boxed_horizontal_spacing":"large","button_hover_effect":"reverse","background":"#ffffff","text_color":"#272727","success_color":"#708a5c","warning_color":"#e37e16","error_color":"#aa2826","header_background":"#ffffff","header_text_color":"#272727","footer_background":"#f2f2f2","footer_text_color":"#272727","primary_button_background":"#272727","primary_button_text_color":"#ffffff","secondary_button_background":"#3c619e","secondary_button_text_color":"#ffffff","product_card_text_color":"#272727","product_on_sale_accent":"#e34f4f","product_sold_out_badge_background":"#bebdb9","product_primary_badge_background":"#3c619e","heading_font":"futura_n7","heading_font_size":"large","heading_text_transform":"normal","heading_letter_spacing":-1,"text_font":"futura_n4","cart_icon":"shopping_basket","heading_apparition":"split_rotation","color_swatch_style":"rectangle","product_color_display":"swatch","cart_type":"drawer","checkout_body_background_color":"#f2f2f2","checkout_sidebar_background_color":"#ffffff","checkout_accent_color":"#3c619e","checkout_button_color":"#3c619e"},"Shape":{"page_width":1440,"section_vertical_spacing":"small","section_boxed_horizontal_spacing":"medium","button_border_radius":60,"input_border_radius":8,"block_border_radius":20,"icon_stroke_width":1.5,"button_style":"fill","button_hover_effect":"reverse","text_color":"#2a555a","header_background":"#ffffff","header_text_color":"#2a555a","footer_background":"#f7f7f7","footer_text_color":"#2a555a","primary_button_background":"#2a555a","primary_button_text_color":"#ffffff","secondary_button_background":"#d9967e","product_card_text_color":"#2a555a","cart_icon":"tote_bag","heading_font":"itc_berkeley_old_style_n4","heading_font_size":"large","heading_text_transform":"normal","heading_letter_spacing":-1,"text_font":"muli_n4","text_font_size_desktop":15,"product_color_display":"swatch","product_info_alignment":"center"}},"footer":{"type":"footer","blocks":{"9dd292ad-49c0-48d4-b1ce-401e408eba27":{"type":"text_image","settings":{"title":"Central de atendimento","logo":"shopify:\/\/","logo_width":150,"content":"<p><strong>SAC (Serviço de Atendimento ao Consumidor)<\/strong><\/p><p><strong>E-mail: <\/strong>contato@seucontato.com.br<br\/><\/p>"}},"2a4c099e-5ae6-425a-a7f4-ab475e42d8a7":{"type":"text","disabled":true,"settings":{"title":"Central de atendimento","content":"<p><strong>SAC (Serviço de Atendimento ao Consumidor)<\/strong><\/p><p><strong>E-mail: <\/strong>contato@seucontato.com.br<br\/><\/p>"}},"8cba64af-66e1-4882-8209-d2dfd47a8264":{"type":"links","settings":{"menu":"main-menu"}},"2abe38cf-b3bd-4925-a037-9e78be5e2447":{"type":"links","settings":{"menu":"menu-rodap-2"}},"30d67c99-fc27-496e-bea0-c99b0830aef3":{"type":"newsletter","disabled":true,"settings":{"title":"Receba nossas promoções","subheading":"<p>Inscreva-se para receber descontos exclusivos direto no seu <strong>e-mail<\/strong>!<\/p>"}},"fade2d6e-f534-4d68-88d8-fc4dd72793a4":{"type":"apps","settings":{"title":"BAIXE NOSSO APP (em desenvolvimento)","googleplay":true,"linkgoogleplay":"https:\/\/play.google.com\/store\/","appstore":true,"linkappstore":"https:\/\/www.apple.com\/br\/app-store\/"}}},"block_order":["9dd292ad-49c0-48d4-b1ce-401e408eba27","2a4c099e-5ae6-425a-a7f4-ab475e42d8a7","8cba64af-66e1-4882-8209-d2dfd47a8264","2abe38cf-b3bd-4925-a037-9e78be5e2447","30d67c99-fc27-496e-bea0-c99b0830aef3","fade2d6e-f534-4d68-88d8-fc4dd72793a4"],"settings":{"enderecos":"<p>Rua Fictícia, 123 Bairro Imaginário, São Paulo - SP CEP 01234-567<\/p><p>Oferta exclusiva neste site oficial, sujeita a variação. Evite comprar produtos mais baratos ou de outras lojas, para evitar golpes. <strong>Não nos responsabilizamos por problemas em compras fora deste site.<\/strong><\/p>","mostrar_barra":false,"background1":"#6c005d","background2":"#990284","background3":"#6c005d","show_social_media":true,"security_seals":"<div style=\"text-align: center;\">\n  <a href=\"https:\/\/www.sslshopper.com\/ssl-checker.html#hostname=https:\/\/codecenter.com.br\" target=\"_blank\" rel=\"noopener\" aria-describedby=\"a11y-new-window-message\">\n    <img class=\"lazyload\" src=\"data:image\/gif;base64,R0lGODlhAQABAAAAACH5BAEKAAEALAAAAAABAAEAAAICTAEAOw==\" data-src=\"https:\/\/i.imgur.com\/tqgH7PX.png\" width=\"83\" height=\"100%\" style=\"vertical-align: middle; margin-right: 10px;\" loading=\"lazy\">\n  <\/a>\n  <a href=\"https:\/\/transparencyreport.google.com\/safe-browsing\/search?url=https:\/\/codecenter.com.br&amp;hl=pt_BR\" target=\"_blank\" rel=\"noopener\" aria-describedby=\"a11y-new-window-message\">\n    <img class=\"lazyload\" src=\"data:image\/gif;base64,R0lGODlhAQABAAAAACH5BAEKAAEALAAAAAABAAEAAAICTAEAOw==\" data-src=\"https:\/\/i.imgur.com\/DZLVXlL.png\" width=\"83\" height=\"100%\" style=\"vertical-align: middle; margin-right: 10px;\" loading=\"lazy\">\n  <\/a>\n  <a href=\"https:\/\/transparencyreport.google.com\/safe-browsing\/search?url=https:\/\/codecenter.com.br&amp;hl=pt_BR\" target=\"_blank\" rel=\"noopener\" aria-describedby=\"a11y-new-window-message\">\n    <img class=\"lazyload\" src=\"data:image\/gif;base64,R0lGODlhAQABAAAAACH5BAEKAAEALAAAAAABAAEAAAICTAEAOw==\" data-src=\"https:\/\/i.imgur.com\/Jnct9y7.png\" width=\"83\" height=\"100%\" style=\"vertical-align: middle;\" loading=\"lazy\">\n  <\/a>\n<\/div>","show_payment_icons":true,"mostrarcorreio":true,"mostrarsedex":true,"mostrarpac":true,"show_certificate_ima_digital":true,"show_locale_selector":false,"show_currency_selector":false,"show_cookie_bar":false,"text":"<p><strong>Nós usamos cookies<\/strong><\/p><p>Eles são usados para aprimorar a sua experiência. Ao fechar este banner ou continuar na página, você concorda com o uso de cookies.<\/p>","accept_button":"Aceito"}},"platform_customizations":{"custom_css":[]}}