{"current":{"color_scheme":"auto","type_header_font":"pt_sans_n7","type_header_letter_spacing":-0.2,"type_header_line_height":1.2,"heading_text_transform":"uppercase","type_header_font_card":"pt_sans_n7","heading_scale_card":125,"type_text_font_card":"inter_n5","type_body_font":"inter_n5","type_subtitle_font":"inter_n7","type_subtitle_font_2":"inter_n7","type_button_font":"inter_n6","button_border_radius":6,"type_header_menu_font":"inter_n5","header_menu_text_transform":"none","type_footer_menu_font":"inter_n6","type_popups_heading_font":"inter_n6","type_popups_text_font":"inter_n5","type_additional_font":"inter_n7","card_color_scheme":"background-1","card_new_price_color":"#000000","card_old_price_color":"#999999","badge_sale_show":true,"badge_sale_type":"sale","sale_icon":"none","badge_sale_color_scheme":"background-4","badge_custom_show":true,"custom_icon":"lightning-bolt-2","custom_icon_fill_type":"solid","type_color_swatch":"custom","trigger_swatch":"Color","custom_colors":"Brown: #706463\nDark Khaki: #7a6e4b","social_twitter_link":"","social_facebook_link":"","social_instagram_link":"https:\/\/instagram.com\/futcerto.es","social_tiktok_link":"https:\/\/tiktok.com\/@futcertoshop","social_youtube_link":"","quickview_show":false,"more_label":"Ver más","quickview_button_style":"link","pagination_type":"pagination","cart_icon_style":"contrast","cart_icon_fill_type":"solid","cart_color_scheme":"background-1","cart_show_vendor":false,"show_shipping":false,"currency_code_enabled":true,"show_back_to_top":true,"show_color_swatch":true,"type_subtitle_secondary_font":"inter_n7","sale_badge_color_scheme":"background-1","content_for_index":[],"blocks":{"6603664506335945664":{"type":"shopify:\/\/apps\/transtore-language-translate\/blocks\/switcher_embed_block\/afeffe82-e563-4f78-90f4-f1e3d96286c3","disabled":false,"settings":{}},"15683396631634586217":{"type":"shopify:\/\/apps\/inbox\/blocks\/chat\/841fc607-4181-4ad1-842d-e24d7f8bad6b","disabled":false,"settings":{"button_color":"#07fc56","secondary_color":"#000000","ternary_color":"#07fc56","button_icon":"chat_bubble","button_text":"live_chat","button_horizontal_position":"bottom_right","button_vertical_position":"lowest","greeting_message":""}}},"color_schemes":{"background-1":{"settings":{"colors_text":"#000000","colors_secondary_text":"#67737c","colors_text_title":"#000000","colors_background_1":"#ffffff","colors_background_2":"#f7f8f8","background_gradient":"","colors_solid_button_labels":"#ffffff","colors_solid_button_labels_hover":"#ffffff","colors_solid_button_background":"#07fc56","colors_solid_button_background_hover":"#000000","colors_secondary_button_labels":"#ffffff","colors_secondary_button_labels_hover":"#ffffff","colors_outline_button_labels":"#000000","colors_outline_button_labels_hover":"#07fc56","colors_tertiary_button_labels":"#000000","colors_tertiary_button_labels_hover":"#ffffff","colors_tertiary_button_background":"#f2f3f4","colors_tertiary_button_background_hover":"#07fc56","colors_input_background":"#f7f8f8","colors_input_border":"#f2f3f4","color_accent":"#07fc56","color_accent_gradient":"linear-gradient(105deg, rgba(7, 252, 86, 1), rgba(255, 255, 255, 1) 100%)","colors_background_overlay":"#000000","color_border":"#e6e8e9"}},"background-2":{"settings":{"colors_text":"#000000","colors_secondary_text":"#67737c","colors_text_title":"#000000","colors_background_1":"#f8f8f8","colors_background_2":"#ffffff","background_gradient":"","colors_solid_button_labels":"#ffffff","colors_solid_button_labels_hover":"#ffffff","colors_solid_button_background":"#07fc56","colors_solid_button_background_hover":"#000000","colors_secondary_button_labels":"#ffffff","colors_secondary_button_labels_hover":"#ffffff","colors_outline_button_labels":"#000000","colors_outline_button_labels_hover":"#07fc56","colors_tertiary_button_labels":"#000000","colors_tertiary_button_labels_hover":"#ffffff","colors_tertiary_button_background":"#f2f3f4","colors_tertiary_button_background_hover":"#07fc56","colors_input_background":"#ffffff","colors_input_border":"#f2f3f4","color_accent":"#07fc56","color_accent_gradient":"linear-gradient(105deg, rgba(71, 29, 29, 1), rgba(211, 0, 63, 1) 100%)","colors_background_overlay":"#000000","color_border":"#e6e8e9"}},"background-3":{"settings":{"colors_text":"#ffffff","colors_secondary_text":"#a9a9a9","colors_text_title":"#ffffff","colors_background_1":"#000000","colors_background_2":"#1f1f1f","background_gradient":"","colors_solid_button_labels":"#ffffff","colors_solid_button_labels_hover":"#000000","colors_solid_button_background":"#07fc56","colors_solid_button_background_hover":"#f2f3f4","colors_secondary_button_labels":"#000000","colors_secondary_button_labels_hover":"#ffffff","colors_outline_button_labels":"#f2f3f4","colors_outline_button_labels_hover":"#07fc56","colors_tertiary_button_labels":"#011624","colors_tertiary_button_labels_hover":"#ffffff","colors_tertiary_button_background":"#f2f3f4","colors_tertiary_button_background_hover":"#07fc56","colors_input_background":"#152936","colors_input_border":"#1f323e","color_accent":"#ffffff","color_accent_gradient":"linear-gradient(105deg, rgba(71, 29, 29, 1), rgba(211, 0, 63, 1) 100%)","colors_background_overlay":"#000000","color_border":"#1f323e"}},"background-4":{"settings":{"colors_text":"#000000","colors_secondary_text":"#a9a9a9","colors_text_title":"#07fc56","colors_background_1":"#07fc56","colors_background_2":"#f7f8f8","background_gradient":"","colors_solid_button_labels":"#ffffff","colors_solid_button_labels_hover":"#011624","colors_solid_button_background":"#07fc56","colors_solid_button_background_hover":"#f2f3f4","colors_secondary_button_labels":"#07fc56","colors_secondary_button_labels_hover":"#ffffff","colors_outline_button_labels":"#f2f3f4","colors_outline_button_labels_hover":"#07fc56","colors_tertiary_button_labels":"#07fc56","colors_tertiary_button_labels_hover":"#ffffff","colors_tertiary_button_background":"#f2f3f4","colors_tertiary_button_background_hover":"#07fc56","colors_input_background":"#f7f8f8","colors_input_border":"#f2f3f4","color_accent":"#07fc56","color_accent_gradient":"linear-gradient(135deg, rgba(80, 234, 255, 1), rgba(21, 102, 224, 1) 100%)","colors_background_overlay":"#07fc56","color_border":"#e6e8e9"}}}},"presets":{"Electric":{"color_scheme":"light","type_header_font":"inter_n6","type_header_letter_spacing":-0.5,"type_header_line_height":1.2,"type_header_font_card":"inter_n6","type_text_font_card":"inter_n5","type_body_font":"inter_n5","type_subtitle_font":"inter_n7","type_button_font":"inter_n6","type_header_menu_font":"inter_n5","type_footer_menu_font":"inter_n6","card_new_price_color":"#011624","badge_sale_type":"percentage","custom_icon":"lightning-bolt-2","show_color_swatch":true,"custom_colors":"Dark Turquoise: #30abc7\nLight Purple: #a397ad\nLight Silver: #d4d3da\nWhite & Bronzy: #cfc0b8\nWhite & Silver: #8792a3\nGray Blue: #9ca7b7\nBlue Violet: #9fb4ea\nLight Bronzy: #e6d9cb\nSilver Gold: #d8d0cb\nBlue: #92bae7","social_twitter_link":"https:\/\/twitter.com\/shopify","social_facebook_link":"https:\/\/facebook.com\/shopify","social_instagram_link":"https:\/\/instagram.com\/shopify","social_youtube_link":"https:\/\/www.youtube.com\/shopify","quickview_show":true,"cart_color_scheme":"background-1","show_shipping":true,"type_subtitle_secondary_font":"inter_n7","sale_badge_color_scheme":"background-1","content_for_index":[],"color_schemes":{"background-1":{"settings":{"colors_text":"#011624","colors_secondary_text":"#67737c","colors_text_title":"#011624","colors_background_1":"#ffffff","colors_background_2":"#f7f8f8","background_gradient":"","colors_solid_button_labels":"#ffffff","colors_solid_button_labels_hover":"#ffffff","colors_solid_button_background":"#1566e0","colors_solid_button_background_hover":"#011624","colors_secondary_button_labels":"#ffffff","colors_secondary_button_labels_hover":"#ffffff","colors_outline_button_labels":"#011624","colors_outline_button_labels_hover":"#1566e0","colors_tertiary_button_labels":"#011624","colors_tertiary_button_labels_hover":"#ffffff","colors_tertiary_button_background":"#f2f3f4","colors_tertiary_button_background_hover":"#1566e0","colors_input_background":"#f7f8f8","colors_input_border":"#f2f3f4","color_accent":"#1566e0","color_accent_gradient":"linear-gradient(135deg, rgba(80, 234, 255, 1), rgba(21, 102, 224, 1) 100%)","colors_background_overlay":"#000000","color_border":"#e6e8e9"}},"background-2":{"settings":{"colors_text":"#011624","colors_secondary_text":"#67737c","colors_text_title":"#011624","colors_background_1":"#f8f8f8","colors_background_2":"#ffffff","background_gradient":"","colors_solid_button_labels":"#ffffff","colors_solid_button_labels_hover":"#ffffff","colors_solid_button_background":"#1566e0","colors_solid_button_background_hover":"#011624","colors_secondary_button_labels":"#ffffff","colors_secondary_button_labels_hover":"#ffffff","colors_outline_button_labels":"#011624","colors_outline_button_labels_hover":"#1566e0","colors_tertiary_button_labels":"#011624","colors_tertiary_button_labels_hover":"#ffffff","colors_tertiary_button_background":"#f2f3f4","colors_tertiary_button_background_hover":"#1566e0","colors_input_background":"#ffffff","colors_input_border":"#e5e5e5","color_accent":"#1566e0","color_accent_gradient":"linear-gradient(135deg, rgba(80, 234, 255, 1), rgba(21, 102, 224, 1) 100%)","colors_background_overlay":"#000000","color_border":"#e6e8e9"}},"background-3":{"settings":{"colors_text":"#ffffff","colors_secondary_text":"#a9a9a9","colors_text_title":"#ffffff","colors_background_1":"#011624","colors_background_2":"#1f1f1f","background_gradient":"","colors_solid_button_labels":"#ffffff","colors_solid_button_labels_hover":"#011624","colors_solid_button_background":"#1566e0","colors_solid_button_background_hover":"#f2f3f4","colors_secondary_button_labels":"#011624","colors_secondary_button_labels_hover":"#ffffff","colors_outline_button_labels":"#f2f3f4","colors_outline_button_labels_hover":"#1566e0","colors_tertiary_button_labels":"#011624","colors_tertiary_button_labels_hover":"#ffffff","colors_tertiary_button_background":"#f2f3f4","colors_tertiary_button_background_hover":"#1566e0","colors_input_background":"#152936","colors_input_border":"#1f323e","color_accent":"#ffffff","color_accent_gradient":"linear-gradient(135deg, rgba(80, 234, 255, 1), rgba(21, 102, 224, 1) 100%)","colors_background_overlay":"#000000","color_border":"#1f323e"}},"background-4":{"settings":{"colors_text":"#ffffff","colors_secondary_text":"#a9a9a9","colors_text_title":"#ffffff","colors_background_1":"#ffffff","colors_background_2":"#f7f8f8","background_gradient":"","colors_solid_button_labels":"#ffffff","colors_solid_button_labels_hover":"#011624","colors_solid_button_background":"#1566e0","colors_solid_button_background_hover":"#f2f3f4","colors_secondary_button_labels":"#011624","colors_secondary_button_labels_hover":"#ffffff","colors_outline_button_labels":"#f2f3f4","colors_outline_button_labels_hover":"#1566e0","colors_tertiary_button_labels":"#011624","colors_tertiary_button_labels_hover":"#ffffff","colors_tertiary_button_background":"#f2f3f4","colors_tertiary_button_background_hover":"#1566e0","colors_input_background":"#f7f8f8","colors_input_border":"#f2f3f4","color_accent":"#1566e0","color_accent_gradient":"linear-gradient(135deg, rgba(80, 234, 255, 1), rgba(21, 102, 224, 1) 100%)","colors_background_overlay":"#000000","color_border":"#e6e8e9"}}}},"Minimalist":{"color_scheme":"light","type_header_font":"dm_sans_n7","type_header_letter_spacing":-0.5,"type_header_line_height":1.1,"type_header_font_card":"dm_sans_n7","type_text_font_card":"dm_sans_n5","type_body_font":"dm_sans_n5","type_subtitle_font":"dm_sans_n7","type_subtitle_font_2":"dm_sans_n7","type_button_font":"dm_sans_n7","type_header_menu_font":"dm_sans_n5","header_menu_text_transform":"none","type_footer_menu_font":"dm_sans_n7","type_popups_heading_font":"dm_sans_n7","type_popups_text_font":"dm_sans_n5","type_additional_font":"dm_sans_n7","badge_sale_type":"percentage","custom_icon":"lightning-bolt-2","show_color_swatch":true,"custom_colors":"Sky Blue: #87ceeb\nBlue: #000072\nYellow: #ffd500\nGreen: #78927B\nBrown: #683c00\nOcean Blue: #0AA3CF\nBurgundy Red: #800020\nCharcoal Gray: #36454f\nMidnight Black: #00040D\nNavy Blue: #000080\nRed: #ce3131\nBlue Gray: #7699bc\nStarlight: #F8F9EC","social_twitter_link":"https:\/\/twitter.com\/shopify","social_facebook_link":"https:\/\/facebook.com\/shopify","social_instagram_link":"https:\/\/instagram.com\/shopify","social_youtube_link":"https:\/\/www.youtube.com\/shopify","quickview_show":true,"quickview_button_style":"link","pagination_type":"infinite_scroll","cart_icon_fill_type":"solid","cart_color_scheme":"background-1","show_shipping":true,"type_subtitle_secondary_font":"inter_n7","sale_badge_color_scheme":"background-1","content_for_index":[],"color_schemes":{"background-1":{"settings":{"colors_text":"#222325","colors_secondary_text":"#67737c","colors_text_title":"#222325","colors_background_1":"#ffffff","colors_background_2":"#f7f8f8","background_gradient":"","colors_solid_button_labels":"#ffffff","colors_solid_button_labels_hover":"#ffffff","colors_solid_button_background":"#2d3645","colors_solid_button_background_hover":"#222325","colors_secondary_button_labels":"#ffffff","colors_secondary_button_labels_hover":"#ffffff","colors_outline_button_labels":"#222325","colors_outline_button_labels_hover":"#2d3645","colors_tertiary_button_labels":"#222325","colors_tertiary_button_labels_hover":"#ffffff","colors_tertiary_button_background":"#f2f3f4","colors_tertiary_button_background_hover":"#2d3645","colors_input_background":"#f7f8f8","colors_input_border":"#f2f3f4","color_accent":"#2d3645","color_accent_gradient":"linear-gradient(180deg, rgba(22, 36, 59, 1), rgba(158, 170, 191, 1) 100%)","colors_background_overlay":"#000000","color_border":"#e6e8e9"}},"background-2":{"settings":{"colors_text":"#222325","colors_secondary_text":"#67737c","colors_text_title":"#222325","colors_background_1":"#f7f8f8","colors_background_2":"#ffffff","background_gradient":"","colors_solid_button_labels":"#ffffff","colors_solid_button_labels_hover":"#ffffff","colors_solid_button_background":"#2d3645","colors_solid_button_background_hover":"#222325","colors_secondary_button_labels":"#ffffff","colors_secondary_button_labels_hover":"#ffffff","colors_outline_button_labels":"#222325","colors_outline_button_labels_hover":"#2d3645","colors_tertiary_button_labels":"#222325","colors_tertiary_button_labels_hover":"#ffffff","colors_tertiary_button_background":"#f2f3f4","colors_tertiary_button_background_hover":"#2d3645","colors_input_background":"#ffffff","colors_input_border":"#f2f3f4","color_accent":"#2d3645","color_accent_gradient":"linear-gradient(135deg, rgba(80, 234, 255, 1), rgba(21, 102, 224, 1) 100%)","colors_background_overlay":"#000000","color_border":"#e6e8e9"}},"background-3":{"settings":{"colors_text":"#ffffff","colors_secondary_text":"#a9a9a9","colors_text_title":"#ffffff","colors_background_1":"#222325","colors_background_2":"#222325","background_gradient":"","colors_solid_button_labels":"#ffffff","colors_solid_button_labels_hover":"#222325","colors_solid_button_background":"#2d3645","colors_solid_button_background_hover":"#f2f3f4","colors_secondary_button_labels":"#222325","colors_secondary_button_labels_hover":"#ffffff","colors_outline_button_labels":"#f2f3f4","colors_outline_button_labels_hover":"#2d3645","colors_tertiary_button_labels":"#222325","colors_tertiary_button_labels_hover":"#ffffff","colors_tertiary_button_background":"#f2f3f4","colors_tertiary_button_background_hover":"#2d3645","colors_input_background":"#152936","colors_input_border":"#1f323e","color_accent":"#ffffff","color_accent_gradient":"","colors_background_overlay":"#000000","color_border":"#1f323e"}},"background-4":{"settings":{"colors_text":"#ffffff","colors_secondary_text":"#a9a9a9","colors_text_title":"#ffffff","colors_background_1":"#ffffff","colors_background_2":"#f7f8f8","background_gradient":"","colors_solid_button_labels":"#ffffff","colors_solid_button_labels_hover":"#011624","colors_solid_button_background":"#1566e0","colors_solid_button_background_hover":"#f2f3f4","colors_secondary_button_labels":"#011624","colors_secondary_button_labels_hover":"#ffffff","colors_outline_button_labels":"#f2f3f4","colors_outline_button_labels_hover":"#1566e0","colors_tertiary_button_labels":"#011624","colors_tertiary_button_labels_hover":"#ffffff","colors_tertiary_button_background":"#f2f3f4","colors_tertiary_button_background_hover":"#1566e0","colors_input_background":"#f7f8f8","colors_input_border":"#f2f3f4","color_accent":"#1566e0","color_accent_gradient":"linear-gradient(135deg, rgba(80, 234, 255, 1), rgba(21, 102, 224, 1) 100%)","colors_background_overlay":"#000000","color_border":"#e6e8e9"}}}},"Radiant":{"color_scheme":"light","type_header_font":"poppins_n6","type_header_letter_spacing":-0.3,"type_header_line_height":1.2,"type_header_font_card":"poppins_n6","type_text_font_card":"dm_sans_n5","type_body_font":"dm_sans_n5","type_subtitle_font":"dm_sans_n7","type_subtitle_font_2":"dm_sans_n7","type_button_font":"dm_sans_n7","button_border_radius":60,"type_header_menu_font":"dm_sans_n5","header_menu_text_transform":"none","type_footer_menu_font":"dm_sans_n7","type_popups_heading_font":"poppins_n6","type_popups_text_font":"dm_sans_n5","type_additional_font":"dm_sans_n7","badge_sale_type":"percentage","custom_icon":"lightning-bolt-2","custom_icon_fill_type":"gradient","social_twitter_link":"https:\/\/twitter.com\/shopify","social_facebook_link":"https:\/\/facebook.com\/shopify","social_instagram_link":"https:\/\/instagram.com\/shopify","social_tiktok_link":"https:\/\/tiktok.com\/@shopify","cart_color_scheme":"background-1","type_subtitle_secondary_font":"inter_n7","sale_badge_color_scheme":"background-1","content_for_index":[],"color_schemes":{"background-1":{"settings":{"colors_text":"#011624","colors_secondary_text":"#67737c","colors_text_title":"#011624","colors_background_1":"#ffffff","colors_background_2":"#f7f8f8","background_gradient":"","colors_solid_button_labels":"#ffffff","colors_solid_button_labels_hover":"#ffffff","colors_solid_button_background":"#5230da","colors_solid_button_background_hover":"#011624","colors_secondary_button_labels":"#ffffff","colors_secondary_button_labels_hover":"#ffffff","colors_outline_button_labels":"#011624","colors_outline_button_labels_hover":"#5230da","colors_tertiary_button_labels":"#011624","colors_tertiary_button_labels_hover":"#ffffff","colors_tertiary_button_background":"#f2f3f4","colors_tertiary_button_background_hover":"#011624","colors_input_background":"#f7f8f8","colors_input_border":"#f2f3f4","color_accent":"#5230da","color_accent_gradient":"linear-gradient(135deg, rgba(55, 219, 255, 1), rgba(82, 48, 218, 1) 100%)","colors_background_overlay":"#000000","color_border":"#e6e8e9"}},"background-2":{"settings":{"colors_text":"#011624","colors_secondary_text":"#67737c","colors_text_title":"#011624","colors_background_1":"#f7f8f8","colors_background_2":"#ffffff","background_gradient":"","colors_solid_button_labels":"#ffffff","colors_solid_button_labels_hover":"#ffffff","colors_solid_button_background":"#5230da","colors_solid_button_background_hover":"#011624","colors_secondary_button_labels":"#ffffff","colors_secondary_button_labels_hover":"#ffffff","colors_outline_button_labels":"#011624","colors_outline_button_labels_hover":"#5230da","colors_tertiary_button_labels":"#011624","colors_tertiary_button_labels_hover":"#ffffff","colors_tertiary_button_background":"#f2f3f4","colors_tertiary_button_background_hover":"#011624","colors_input_background":"#ffffff","colors_input_border":"#f2f3f4","color_accent":"#5230da","color_accent_gradient":"linear-gradient(135deg, rgba(55, 219, 255, 1), rgba(82, 48, 218, 1) 100%)","colors_background_overlay":"#000000","color_border":"#e6e8e9"}},"background-3":{"settings":{"colors_text":"#ffffff","colors_secondary_text":"#99a2a7","colors_text_title":"#ffffff","colors_background_1":"#011624","colors_background_2":"#011624","background_gradient":"","colors_solid_button_labels":"#ffffff","colors_solid_button_labels_hover":"#011624","colors_solid_button_background":"#5230da","colors_solid_button_background_hover":"#f2f3f4","colors_secondary_button_labels":"#011624","colors_secondary_button_labels_hover":"#ffffff","colors_outline_button_labels":"#f2f3f4","colors_outline_button_labels_hover":"#5230da","colors_tertiary_button_labels":"#011624","colors_tertiary_button_labels_hover":"#ffffff","colors_tertiary_button_background":"#f2f3f4","colors_tertiary_button_background_hover":"#011624","colors_input_background":"#152936","colors_input_border":"#1f323e","color_accent":"#ffffff","color_accent_gradient":"linear-gradient(135deg, rgba(55, 219, 255, 1), rgba(82, 48, 218, 1) 100%)","colors_background_overlay":"#000000","color_border":"#1f323e"}},"background-4":{"settings":{"colors_text":"#ffffff","colors_secondary_text":"#a9a9a9","colors_text_title":"#ffffff","colors_background_1":"#ffffff","colors_background_2":"#f7f8f8","background_gradient":"","colors_solid_button_labels":"#ffffff","colors_solid_button_labels_hover":"#011624","colors_solid_button_background":"#1566e0","colors_solid_button_background_hover":"#f2f3f4","colors_secondary_button_labels":"#011624","colors_secondary_button_labels_hover":"#ffffff","colors_outline_button_labels":"#f2f3f4","colors_outline_button_labels_hover":"#1566e0","colors_tertiary_button_labels":"#011624","colors_tertiary_button_labels_hover":"#ffffff","colors_tertiary_button_background":"#f2f3f4","colors_tertiary_button_background_hover":"#1566e0","colors_input_background":"#f7f8f8","colors_input_border":"#f2f3f4","color_accent":"#1566e0","color_accent_gradient":"linear-gradient(135deg, rgba(80, 234, 255, 1), rgba(21, 102, 224, 1) 100%)","colors_background_overlay":"#000000","color_border":"#e6e8e9"}}}},"Active":{"color_scheme":"light","type_header_font":"oswald_n6","type_header_letter_spacing":-0.2,"type_header_line_height":1.2,"heading_text_transform":"uppercase","type_header_font_card":"oswald_n6","type_text_font_card":"inter_n5","type_body_font":"inter_n5","type_subtitle_font":"inter_n7","type_button_font":"inter_n6","type_header_menu_font":"inter_n5","type_footer_menu_font":"inter_n6","card_new_price_color":"#000000","card_old_price_color":"#999999","badge_sale_type":"percentage","sale_icon":"none","custom_icon":"lightning-bolt-2","show_color_swatch":true,"custom_colors":"Brown: #706463\nDark Khaki: #7a6e4b","social_twitter_link":"https:\/\/twitter.com\/shopify","social_facebook_link":"https:\/\/facebook.com\/shopify","social_instagram_link":"https:\/\/instagram.com\/shopify","social_youtube_link":"https:\/\/www.youtube.com\/shopify","cart_icon_style":"contrast","cart_icon_fill_type":"solid","cart_color_scheme":"background-1","type_subtitle_secondary_font":"inter_n7","sale_badge_color_scheme":"background-1","content_for_index":[],"color_schemes":{"background-1":{"settings":{"colors_text":"#000000","colors_secondary_text":"#67737c","colors_text_title":"#000000","colors_background_1":"#ffffff","colors_background_2":"#f7f8f8","background_gradient":"","colors_solid_button_labels":"#ffffff","colors_solid_button_labels_hover":"#ffffff","colors_solid_button_background":"#ff0541","colors_solid_button_background_hover":"#000000","colors_secondary_button_labels":"#ffffff","colors_secondary_button_labels_hover":"#ffffff","colors_outline_button_labels":"#000000","colors_outline_button_labels_hover":"#ff0541","colors_tertiary_button_labels":"#000000","colors_tertiary_button_labels_hover":"#ffffff","colors_tertiary_button_background":"#f2f3f4","colors_tertiary_button_background_hover":"#ff0541","colors_input_background":"#f7f8f8","colors_input_border":"#f2f3f4","color_accent":"#ff0541","color_accent_gradient":"linear-gradient(105deg, rgba(71, 29, 29, 1), rgba(211, 0, 63, 1) 100%)","colors_background_overlay":"#000000","color_border":"#e6e8e9"}},"background-2":{"settings":{"colors_text":"#000000","colors_secondary_text":"#67737c","colors_text_title":"#000000","colors_background_1":"#f8f8f8","colors_background_2":"#ffffff","background_gradient":"","colors_solid_button_labels":"#ffffff","colors_solid_button_labels_hover":"#ffffff","colors_solid_button_background":"#ff0541","colors_solid_button_background_hover":"#000000","colors_secondary_button_labels":"#ffffff","colors_secondary_button_labels_hover":"#ffffff","colors_outline_button_labels":"#000000","colors_outline_button_labels_hover":"#ff0541","colors_tertiary_button_labels":"#000000","colors_tertiary_button_labels_hover":"#ffffff","colors_tertiary_button_background":"#f2f3f4","colors_tertiary_button_background_hover":"#ff0541","colors_input_background":"#ffffff","colors_input_border":"#f2f3f4","color_accent":"#ff0541","color_accent_gradient":"linear-gradient(105deg, rgba(71, 29, 29, 1), rgba(211, 0, 63, 1) 100%)","colors_background_overlay":"#000000","color_border":"#e6e8e9"}},"background-3":{"settings":{"colors_text":"#ffffff","colors_secondary_text":"#a9a9a9","colors_text_title":"#ffffff","colors_background_1":"#000000","colors_background_2":"#1f1f1f","background_gradient":"","colors_solid_button_labels":"#ffffff","colors_solid_button_labels_hover":"#000000","colors_solid_button_background":"#ff0541","colors_solid_button_background_hover":"#f2f3f4","colors_secondary_button_labels":"#000000","colors_secondary_button_labels_hover":"#ffffff","colors_outline_button_labels":"#f2f3f4","colors_outline_button_labels_hover":"#ff0541","colors_tertiary_button_labels":"#011624","colors_tertiary_button_labels_hover":"#ffffff","colors_tertiary_button_background":"#f2f3f4","colors_tertiary_button_background_hover":"#ff0541","colors_input_background":"#152936","colors_input_border":"#1f323e","color_accent":"#ffffff","color_accent_gradient":"linear-gradient(105deg, rgba(71, 29, 29, 1), rgba(211, 0, 63, 1) 100%)","colors_background_overlay":"#000000","color_border":"#1f323e"}},"background-4":{"settings":{"colors_text":"#ffffff","colors_secondary_text":"#a9a9a9","colors_text_title":"#ffffff","colors_background_1":"#ffffff","colors_background_2":"#f7f8f8","background_gradient":"","colors_solid_button_labels":"#ffffff","colors_solid_button_labels_hover":"#011624","colors_solid_button_background":"#1566e0","colors_solid_button_background_hover":"#f2f3f4","colors_secondary_button_labels":"#011624","colors_secondary_button_labels_hover":"#ffffff","colors_outline_button_labels":"#f2f3f4","colors_outline_button_labels_hover":"#1566e0","colors_tertiary_button_labels":"#011624","colors_tertiary_button_labels_hover":"#ffffff","colors_tertiary_button_background":"#f2f3f4","colors_tertiary_button_background_hover":"#1566e0","colors_input_background":"#f7f8f8","colors_input_border":"#f2f3f4","color_accent":"#1566e0","color_accent_gradient":"linear-gradient(135deg, rgba(80, 234, 255, 1), rgba(21, 102, 224, 1) 100%)","colors_background_overlay":"#000000","color_border":"#e6e8e9"}}}},"Jade":{"color_scheme":"light","type_header_font":"futura_n7","type_header_letter_spacing":-0.2,"type_header_line_height":1.2,"type_header_font_card":"futura_n7","type_text_font_card":"dm_sans_n5","type_body_font":"dm_sans_n5","type_subtitle_font":"dm_sans_n7","type_subtitle_font_2":"dm_sans_n7","type_button_font":"dm_sans_n7","type_header_menu_font":"dm_sans_n5","type_footer_menu_font":"dm_sans_n7","type_popups_heading_font":"futura_n7","type_popups_text_font":"dm_sans_n5","type_additional_font":"dm_sans_n7","card_new_price_color":"#0d232b","badge_sale_type":"percentage","custom_icon":"lightning-bolt-2","custom_icon_fill_type":"gradient","show_color_swatch":true,"custom_colors":"Dark Blue: #23395d\nBlue: #b0dbf1","social_twitter_link":"https:\/\/twitter.com\/shopify","social_facebook_link":"https:\/\/facebook.com\/shopify","social_instagram_link":"https:\/\/instagram.com\/shopify","social_youtube_link":"https:\/\/www.youtube.com\/shopify","quickview_show":true,"cart_color_scheme":"background-1","type_subtitle_secondary_font":"inter_n7","sale_badge_color_scheme":"background-1","content_for_index":[],"color_schemes":{"background-1":{"settings":{"colors_text":"#0d232b","colors_secondary_text":"#67737c","colors_text_title":"#0d232b","colors_background_1":"#ffffff","colors_background_2":"#f7f8f8","background_gradient":"","colors_solid_button_labels":"#ffffff","colors_solid_button_labels_hover":"#ffffff","colors_solid_button_background":"#08b275","colors_solid_button_background_hover":"#0d232b","colors_secondary_button_labels":"#ffffff","colors_secondary_button_labels_hover":"#ffffff","colors_outline_button_labels":"#0d232b","colors_outline_button_labels_hover":"#08b275","colors_tertiary_button_labels":"#0d232b","colors_tertiary_button_labels_hover":"#ffffff","colors_tertiary_button_background":"#f2f3f4","colors_tertiary_button_background_hover":"#0d232b","colors_input_background":"#f7f8f8","colors_input_border":"#f2f3f4","color_accent":"#08b275","color_accent_gradient":"linear-gradient(104.64deg, rgba(69, 223, 168, 1), rgba(0, 125, 80, 1) 100%)","colors_background_overlay":"#000000","color_border":"#e6e8e9"}},"background-2":{"settings":{"colors_text":"#0d232b","colors_secondary_text":"#67737c","colors_text_title":"#0d232b","colors_background_1":"#f7f8f8","colors_background_2":"#ffffff","background_gradient":"","colors_solid_button_labels":"#ffffff","colors_solid_button_labels_hover":"#ffffff","colors_solid_button_background":"#08b275","colors_solid_button_background_hover":"#0d232b","colors_secondary_button_labels":"#ffffff","colors_secondary_button_labels_hover":"#ffffff","colors_outline_button_labels":"#011624","colors_outline_button_labels_hover":"#08b275","colors_tertiary_button_labels":"#0d232b","colors_tertiary_button_labels_hover":"#ffffff","colors_tertiary_button_background":"#f2f3f4","colors_tertiary_button_background_hover":"#0d232b","colors_input_background":"#ffffff","colors_input_border":"#f2f3f4","color_accent":"#08b275","color_accent_gradient":"linear-gradient(104.64deg, rgba(69, 223, 168, 1), rgba(0, 125, 80, 1) 100%)","colors_background_overlay":"#000000","color_border":"#e6e8e9"}},"background-3":{"settings":{"colors_text":"#ffffff","colors_secondary_text":"#a9a9a9","colors_text_title":"#ffffff","colors_background_1":"#0d232b","colors_background_2":"#1f1f1f","background_gradient":"","colors_solid_button_labels":"#ffffff","colors_solid_button_labels_hover":"#0d232b","colors_solid_button_background":"#08b275","colors_solid_button_background_hover":"#f2f3f4","colors_secondary_button_labels":"#0d232b","colors_secondary_button_labels_hover":"#ffffff","colors_outline_button_labels":"#f2f3f4","colors_outline_button_labels_hover":"#08b275","colors_tertiary_button_labels":"#0d232b","colors_tertiary_button_labels_hover":"#ffffff","colors_tertiary_button_background":"#f2f3f4","colors_tertiary_button_background_hover":"#08b275","colors_input_background":"#0d232b","colors_input_border":"#1f323e","color_accent":"#ffffff","color_accent_gradient":"linear-gradient(104.64deg, rgba(69, 223, 168, 1), rgba(0, 125, 80, 1) 100%)","colors_background_overlay":"#000000","color_border":"#1f323e"}},"background-4":{"settings":{"colors_text":"#ffffff","colors_secondary_text":"#a9a9a9","colors_text_title":"#ffffff","colors_background_1":"#ffffff","colors_background_2":"#f7f8f8","background_gradient":"","colors_solid_button_labels":"#ffffff","colors_solid_button_labels_hover":"#011624","colors_solid_button_background":"#1566e0","colors_solid_button_background_hover":"#f2f3f4","colors_secondary_button_labels":"#011624","colors_secondary_button_labels_hover":"#ffffff","colors_outline_button_labels":"#f2f3f4","colors_outline_button_labels_hover":"#1566e0","colors_tertiary_button_labels":"#011624","colors_tertiary_button_labels_hover":"#ffffff","colors_tertiary_button_background":"#f2f3f4","colors_tertiary_button_background_hover":"#1566e0","colors_input_background":"#f7f8f8","colors_input_border":"#f2f3f4","color_accent":"#1566e0","color_accent_gradient":"linear-gradient(135deg, rgba(80, 234, 255, 1), rgba(21, 102, 224, 1) 100%)","colors_background_overlay":"#000000","color_border":"#e6e8e9"}}}}},"platform_customizations":{"custom_css":[".discount-badge {background-color: #28a745; \/* Verde *\/ color: #000; \/* Texto preto *\/ padding: 5px 10px; \/* Adiciona algum preenchimento *\/ border-radius: 5px; \/* Bordas arredondadas *\/ font-weight: bold; \/* Texto em negrito *\/ display: inline-block; \/* Garante que o badge se comporte como um bloco *\/}"]}}