{"type":"footer","name":"t:sections.footer.settings.footer-group.label","sections":{"footer":{"type":"footer","blocks":{"footer-0":{"type":"logo_info","settings":{"logo":"shopify:\/\/shop_images\/Background_3.png","logo_2":"shopify:\/\/shop_images\/Background_2.png","logo_width":200,"description":""}},"footer-1":{"type":"link_list","settings":{"heading":"INFORMACIÓN","menu":"main-menu","default_open":true}},"footer-3":{"type":"subscribe","settings":{"color_scheme_subscribe":"","enable_box_shadow":true,"heading":"No te pierdas las noticias!","text":"Suscríbete a nuestra lista y sé el primero en enterarte de lanzamientos, ofertas exclusivas y novedades especiales. ¡Reciba contenido relevante directamente en su bandeja de entrada!","additional_text":"","button_style":"primary"}}},"block_order":["footer-0","footer-1","footer-3"],"custom_css":[".footer-description {text-align: left; \/* Alinhamento à esquerda *\/ line-height: 1.5; \/* Aumentar o espaçamento entre linhas *\/ font-size: 1em; \/* Tamanho de fonte maior *\/}",".contact-item {margin-bottom: 5px; \/* Espaço entre os itens *\/}",".contact-item i {margin-right: 5px; \/* Espaço entre ícone e texto *\/ color: #333; \/* Cor do ícone *\/}"],"settings":{"color_scheme":"background-2","enable_country_selector":true,"enable_language_selector":true,"payment_enable":false,"show_social":true,"enable_copyright_date":true,"enable_copyright_shopname":true,"menu_bottom":"","show_policy":false,"enable_follow_on_shop":false}}},"order":["footer"]}