{"type":"header","name":"t:sections.header.settings.header-group.label","sections":{"announcement-bar":{"type":"announcement-bar","disabled":true,"settings":{"height":45,"height_mobile":40,"color_scheme":"","text":"For example, a test of the announcement of some news","icon":"none","icon_color_scheme":"","icon_style":"colored","icon_fill_type":"gradient","margin_top":"no-indent","margin_bottom":"no-indent"}},"header":{"type":"header","custom_css":[],"settings":{"header_type":"center-logo","full_width":false,"logo":"shopify:\/\/shop_images\/Background_3.png","logo_2":"shopify:\/\/shop_images\/Background_2.png","logo_width":290,"menu":"footer","enable_country_selector":false,"enable_language_selector":false,"enable_social":true,"sticky_header_type":"on-scroll-up","enable_search":true,"search_color_scheme":"","enable_box_shadow":true,"collection_list":[],"product_list":[],"image_ratio":"5\/4","image_fit":"cover","show_secondary_image":true,"show_vendor":false}}},"order":["announcement-bar","header"]}