{"sections":{"custom_liquid_GCEe3K":{"type":"custom-liquid","settings":{"custom_liquid":"<!DOCTYPE html>\n<html lang=\"pt-br\">\n<head>\n    <meta charset=\"UTF-8\">\n    <meta name=\"viewport\" content=\"width=device-width, initial-scale=1.0\">\n    <style>\n        \/* Estilos gerais para a barra de aviso *\/\n        .aviso-barra {\n            background-color: transparent; \/* Fundo transparente *\/\n            color: #333; \/* Texto em cinza escuro *\/\n            padding: 15px 20px;\n            border-left: 4px solid #07FC56; \/* Linha lateral verde para destaque *\/\n            border-radius: 8px; \/* Bordas arredondadas *\/\n            font-family: 'Arial', sans-serif;\n            font-size: 14px; \/* Texto mais compacto *\/\n            max-width: 800px;\n            margin: 20px auto;\n            box-shadow: 0 2px 8px rgba(0, 0, 0, 0.1); \/* Sombra suave para dar profundidade *\/\n        }\n\n        .aviso-barra p {\n            margin: 0 0 10px; \/* Margem para separar os parágrafos *\/\n            line-height: 1.5; \/* Melhor espaçamento entre as linhas *\/\n        }\n\n        .aviso-barra strong {\n            font-weight: bold;\n        }\n\n        .aviso-barra .destaque {\n            color: #07FC56; \/* Verde da identidade visual *\/\n        }\n\n        \/* Responsividade *\/\n        @media (max-width: 600px) {\n            .aviso-barra {\n                font-size: 12px; \/* Menor fonte para telas pequenas *\/\n                padding: 12px 15px;\n            }\n        }\n    <\/style>\n<\/head>\n<body>\n\n    <!-- Barra de aviso -->\n    <div class=\"aviso-barra\">\n        <p><strong>La moneda predeterminada de la tienda es <span class=\"destaque\">USD<\/span> (Real brasileño).<\/strong><\/p>\n        <p><strong>Si prefieres pagar en tu moneda local, haz clic en <span class=\"destaque\">\"Pasar por la caja\"<\/span>, ingresa tus datos de envío y selecciona la opción <span class=\"destaque\">“Tarjetas Locales, Transferencias y Efectivo”<\/span> al elegir el método de pago.<\/strong><\/p>\n        <p>Serás redirigido al proceso de pago con el valor convertido a tu moneda y podrás elegir el método de pago más conveniente para ti.<\/p>\n    <\/div>\n\n<\/body>\n<\/html>"}},"cart-items":{"type":"main-cart-items","blocks":{"subtotal":{"type":"subtotal","settings":{}},"buttons":{"type":"buttons","settings":{}}},"block_order":["subtotal","buttons"],"settings":{"show_cart_note":false,"padding_top":"no-indent","padding_bottom":"l"}}},"order":["custom_liquid_GCEe3K","cart-items"]}