{"sections":{"banner":{"type":"main-collection-banner","settings":{"color_scheme":"","image_ratio":"16\/9","show_collection_description":true,"show_collection_image":true,"margin_top":"no-indent","margin_bottom":"s"}},"product-grid":{"type":"main-collection-product-grid","settings":{"products_per_page":12,"columns":3,"image_ratio":"5\/4","image_fit":"cover","show_secondary_image":true,"show_vendor":false,"show_desc":false,"enable_filtering":true,"filter_type":"horizontal_united","enable_sorting":true,"image_filter_ratio":"5\/4","image_filter_fit":"cover","image_filter_columns":2,"columns_mobile":"1","padding_top":"no-indent","padding_bottom":"l"}}},"order":["banner","product-grid"]}