{"sections":{"slideshow_dNeBBD":{"type":"slideshow","blocks":{"slide_HPXEYt":{"type":"slide","settings":{"color_scheme":"","icon":"none","image":"shopify:\/\/shop_images\/09a566129566645.616dec51c8ef1.jpg","overlay_opacity":0,"show_video":false,"loop_video":false,"heading":"","heading_size":"recommended","description":"","tab_heading":"Heading","show_button":false,"button_style":"simple_link","button_label":"Shop Now","button_link":""}},"slide_CeF9dW":{"type":"slide","disabled":true,"settings":{"color_scheme":"","icon":"none","overlay_opacity":0,"show_video":false,"loop_video":true,"heading":"","heading_size":"recommended","description":"","tab_heading":"Heading","show_button":false,"button_style":"simple_link","button_label":"Shop Now","button_link":""}}},"block_order":["slide_HPXEYt","slide_CeF9dW"],"settings":{"layout":"overlay","full_width":false,"color_scheme":"","enable_border":false,"border_full":false,"subheading":"","subheading_style":"subtitle","subheading_icon":"none","heading":"","heading_size":"h2","heading_line":"simple","line_color":"#1566e0","word_break":false,"text":"","heading_animation":"none","word_break_an":false,"text_align":"left","height":"16\/9","text_align_content":"bottom-left","enable_autoplay":true,"enable_parallax":false,"enable_pagination":true,"pagination_type":"bullets","pagination_color_scheme":"","pagination_width":"medium","enable_navigation":false,"navigation_color_scheme":"","slide_duration":5,"icon_size":"recommended","icon_style":"contrast","icon_fill_type":"solid","show_tab_icon":true,"padding_top":"xs","padding_bottom":"no-indent","margin_top":"no-indent","margin_bottom":"no-indent"}},"slideshow_zXwraF":{"type":"slideshow","blocks":{"slide_WMgndf":{"type":"slide","settings":{"color_scheme":"","icon":"none","image":"shopify:\/\/shop_images\/PAGA_2_PAGUE_3.png","overlay_opacity":0,"show_video":false,"loop_video":false,"heading":"","heading_size":"recommended","description":"","tab_heading":"Heading","show_button":false,"button_style":"simple_link","button_label":"Shop Now","button_link":""}}},"block_order":["slide_WMgndf"],"settings":{"layout":"overlay","full_width":false,"color_scheme":"","enable_border":false,"border_full":false,"subheading":"","subheading_style":"subtitle","subheading_icon":"none","heading":"","heading_size":"h2","heading_line":"simple","line_color":"#1566e0","word_break":false,"text":"","heading_animation":"none","word_break_an":false,"text_align":"left","height":"adapt","text_align_content":"center","enable_autoplay":false,"enable_parallax":false,"enable_pagination":false,"pagination_type":"bullets","pagination_color_scheme":"","pagination_width":"medium","enable_navigation":false,"navigation_color_scheme":"","slide_duration":5,"icon_size":"recommended","icon_style":"contrast","icon_fill_type":"solid","show_tab_icon":false,"padding_top":"s","padding_bottom":"no-indent","margin_top":"no-indent","margin_bottom":"no-indent"}},"steps_KeMdqV":{"type":"steps","blocks":{"step_frcyDV":{"type":"step","settings":{"number":"","heading":"ELIGE TUS PRODUCTOS","text":"Elige las camisetas que quieras en nuestra tienda, ¡es válida para todos los productos!","show_button":false,"button_style":"simple","button_label":"Know More","button_link":""}},"step_PhhqPc":{"type":"step","settings":{"number":"","heading":"AÑADIR PRODUCTOS","text":"Añade los productos elegidos al carrito de la compra","show_button":false,"button_style":"simple","button_label":"Know More","button_link":""}},"step_zN8KRH":{"type":"step","settings":{"number":"","heading":"FINALIZAR LA COMPRA","text":"¡Haz clic en ver carrito y el descuento se aplicará automáticamente!","show_button":false,"button_style":"simple","button_label":"Know More","button_link":""}}},"block_order":["step_frcyDV","step_PhhqPc","step_zN8KRH"],"settings":{"layout":"columns","color_scheme":"background-1","subheading":"","subheading_style":"subtitle","subheading_icon":"none","heading":"¿CÓMO APROVECHAR LA PROMOCIÓN?","heading_size":"h2","heading_line":"simple","line_color":"#1566e0","word_break":false,"heading_animation":"none","word_break_an":false,"text":"","text_align":"center","columns_to_show":3,"image_ratio":"landscape","number_size":"recommended","step_heading_size":"recommended","text_size":"body-normal","padding_top":"l","padding_bottom":"l","margin_top":"no-indent","margin_bottom":"no-indent"}},"popular_products_7RDJU3":{"type":"popular-products","settings":{"color_scheme":"","enable_border":true,"border_full":false,"subheading":"DE LA SEMANA","subheading_style":"subtitle subtitle--secondary","subheading_icon":"none","heading":"MÁS VENDIDOS","heading_size":"h2","heading_line":"simple","line_color":"#1566e0","word_break":false,"heading_animation":"none","word_break_an":false,"text":"","product_list":["real-madrid-2024-25-away-jersey","real-madrid-2024-25-special-edition-white-jersey","real-madrid-2024-25-home-jersey","england-2024-25-euro-jordan-version-jersey","bayern-munich-2024-25-special-edition-jersey","brazil-2024-25-special-edition-jersey","la-galaxy-2024-25-home-jersey","colombia-2024-25-away-jersey","japan-2024-25-goku-jersey","bayern-munich-2024-25-oktoberfest-jersey","new-york-city-2024-25-away-jersey","bayer-04-leverkusen-2023-24-home-jersey","chelsea-2024-25-third-jersey","chelsea-2024-25-dark-blue-pre-match-training-jersey","corinthians-2022-training-jersey-black","flamengo-2024-25-lifestyler-retro-jersey","germany-2024-25-euro-retro-style-jersey-1","inter-miami-2024-25-special-edition-jersey","italy-2023-24-versace-co-branded-edition-jersey-black","japan-2024-25-away-jersey","japan-2024-25-うずまきナルト-jersey","juventus-2024-25-third-away-jersey","los-angeles-fc-2024-25-home-jersey","manchester-city-2024-25-third-away-jersey","manchester-united-2024-25-balmain-co-branded-edition-t-shirt","miami-fc-2024-25-special-edition-jersey","miami-fc-2024-25-special-edition-jersey-1","olympique-de-marseille-125th-anniversary-black-jersey","olympique-lyonnais-2024-25-away-jersey","olympique-de-marseille-125th-anniversary-white-jersey","paris-saint-germain-2019-20-4-away-jersey","portugal-2004-away-retro-jersey","real-madrid-2024-25-lv-co-branded-edition-jersey","real-madrid-2024-25-special-edition-black-jersey-1","real-madrid-2024-25-x-black-and-neon-unique-jersey","south-korea-2024-25-away-jersey"],"products_to_show":4,"image_ratio":"4\/5","image_fit":"cover","show_secondary_image":true,"show_vendor":false,"show_desc":false,"columns_mobile":"2","button_show":true,"button_label":"Ver todos","button_style":"primary","button_link":"shopify:\/\/collections\/mas-vendidos","padding_top":"l","padding_bottom":"l","margin_top":"no-indent","margin_bottom":"no-indent"}},"featured_product_Jim7UN":{"type":"featured-product","blocks":{"title_f8mGqK":{"type":"title","settings":{"heading_size":"h3"}},"price_QWXKpi":{"type":"price","settings":{}},"tags_9TpNch":{"type":"tags","settings":{}},"variant_picker_rWyVt6":{"type":"variant_picker","settings":{"picker_type":"button"}},"buy_buttons_gf6w6G":{"type":"buy_buttons","settings":{"show_dynamic_checkout":false,"show_quantity":true}}},"block_order":["title_f8mGqK","price_QWXKpi","tags_9TpNch","variant_picker_rWyVt6","buy_buttons_gf6w6G"],"settings":{"subheading":"DESTACADO DE LA SEMANA","subheading_style":"subtitle subtitle--secondary","subheading_icon":"none","heading":"CAMISETA DESTACADA","heading_size":"h2","heading_line":"simple","line_color":"#1566e0","word_break":false,"heading_animation":"none","word_break_an":false,"text":"","text_align":"left","product_item":"al-nassr-2024-25-third-jersey","color_scheme":"background-2","desktop_alignment":"right","mobile_alignment":"before","aspect_ratio":"5\/4","image_fit":"cover","padding_top":"m","padding_bottom":"m"}},"products_grid_wLr9C7":{"type":"products-grid","settings":{"products_per_page":12,"columns":3,"sort":"date_reversed","image_ratio":"1\/1","image_fit":"cover","show_secondary_image":true,"show_vendor":false,"show_desc":false,"subheading":"","heading":"AGREGADO RECIENTEMENTE","heading_size":"h2","text":"","button_show":true,"button_label":"VER TODOS","button_style":"primary","button_link":"shopify:\/\/collections\/agregado-recientemente","columns_mobile":"2","padding_top":"s","padding_bottom":"l"}},"multicolumn_KmyPRe":{"type":"multicolumn","blocks":{"column_p8QtYe":{"type":"column","settings":{"icon":"none","icon_color_scheme":"","icon_fill_type":"gradient","image":"shopify:\/\/shop_images\/e4e5fc99819069.5efb4b6397a93.webp","heading":"Bundesliga","text":"","show_button":true,"button_label":"VER COLECCIÓN","button_link":"shopify:\/\/collections\/bundesliga","button_style":"simple"}},"column_kYDCPU":{"type":"column","settings":{"icon":"none","icon_color_scheme":"","icon_fill_type":"gradient","image":"shopify:\/\/shop_images\/dddddddddddddddddddddddddddd.webp","heading":"LIGUE 1 FRANCÉS","text":"","show_button":true,"button_label":"VER COLECCIÓN","button_link":"shopify:\/\/collections\/ligue-1-frances","button_style":"simple"}},"column_jhigyX":{"type":"column","settings":{"icon":"none","icon_color_scheme":"","icon_fill_type":"gradient","image":"shopify:\/\/shop_images\/library_upload_21_2023_08_996x664_la-liga-spanyol-2023_0c361bf.jpg","heading":"LA LIGA","text":"","show_button":true,"button_label":"VER COLECCÍON","button_link":"shopify:\/\/collections\/la-liga","button_style":"simple"}},"column_AgByGK":{"type":"column","settings":{"icon":"none","icon_color_scheme":"","icon_fill_type":"gradient","image":"shopify:\/\/shop_images\/premier-league-86d2ur0b5ryesbe7.jpg","heading":"PREMIER LEAGUE","text":"","show_button":true,"button_label":"VER COLECCÍON","button_link":"shopify:\/\/collections\/premier-league","button_style":"simple"}},"column_chzhra":{"type":"column","settings":{"icon":"none","icon_color_scheme":"background-1","icon_fill_type":"gradient","image":"shopify:\/\/shop_images\/8e2a54124388917.6102cb92936fd.png","heading":"SERIE A ITALIANO","text":"","show_button":true,"button_label":"VER COLECCÍON","button_link":"shopify:\/\/collections\/serie-a-italiano","button_style":"simple"}},"column_DYNMQ8":{"type":"column","settings":{"icon":"none","icon_color_scheme":"background-1","icon_fill_type":"gradient","image":"shopify:\/\/shop_images\/liga-portugal-1024x576.png","heading":"LIGA PORTUGAL","text":"","show_button":true,"button_label":"VER COLECCÍON","button_link":"shopify:\/\/collections\/liga-portugal","button_style":"simple"}},"column_qgM79q":{"type":"column","settings":{"icon":"none","icon_color_scheme":"background-1","icon_fill_type":"gradient","image":"shopify:\/\/shop_images\/images.png","heading":"SERIE A BRASILEÑA","text":"","show_button":true,"button_label":"VER COLECCÍON","button_link":"shopify:\/\/collections\/serie-a-brasilena","button_style":"simple"}},"column_rNHmpA":{"type":"column","settings":{"icon":"none","icon_color_scheme":"background-1","icon_fill_type":"gradient","image":"shopify:\/\/shop_images\/oceanfront-luxury-residence-h7wyk125c5btgglv.jpg","heading":"MLS","text":"","show_button":true,"button_label":"VER COLECCÍON","button_link":"shopify:\/\/collections\/mls","button_style":"simple"}}},"block_order":["column_p8QtYe","column_kYDCPU","column_jhigyX","column_AgByGK","column_chzhra","column_DYNMQ8","column_qgM79q","column_rNHmpA"],"settings":{"section_type":"transparent","color_scheme":"background-2","enable_border":false,"border_full":false,"multicolumn_to_show":4,"gap":"large","subheading":"EXCLUSIVO","subheading_style":"subtitle subtitle--secondary","subheading_icon":"circles","heading":"LIGAS DISPONIBLES","heading_size":"h2","heading_line":"simple","line_color":"#1566e0","word_break":false,"heading_animation":"none","word_break_an":false,"text":"Obtén las camisetas más actualizadas de todas las ligas importantes del planeta.","text_align":"center","icon_size":"recommended","box_shadow":true,"icon_style":"colored","image_width":"medium","image_ratio":"square","object_fit":"cover","card_heading_size":"h4","padding_top":"m","padding_bottom":"m","margin_top":"no-indent","margin_bottom":"no-indent"}},"banner_grid_xQhxdC":{"type":"banner-grid","blocks":{"card_HcqXXG":{"type":"card","settings":{"color_scheme":"","image":"shopify:\/\/shop_images\/7cd1b723-d3cf-4647-9dfb-f76b482914c6-1200x864.png","overlay_opacity":0,"icon":"none","icon_size":"recommended","logo_width":290,"heading":"","heading_size":"recommended","show_button":false,"button_style":"simple_link","button_label":"Shop Now","button_link":"","full_link":true}},"card_6PCbLp":{"type":"card","settings":{"color_scheme":"","image":"shopify:\/\/shop_images\/25c983211316545.6720d3dbb7cfc.png","overlay_opacity":0.5,"icon":"none","icon_size":"recommended","logo_width":135,"heading":"1 - RODRI","heading_size":"recommended","show_button":true,"button_style":"simple_link","button_label":"VER PRODUCTO","button_link":"shopify:\/\/products\/manchester-city-2024-25-third-away-jersey","full_link":true}},"card_9kCytf":{"type":"card","settings":{"color_scheme":"","image":"shopify:\/\/shop_images\/Design_sem_nome.png","overlay_opacity":0.5,"icon":"none","icon_size":"recommended","logo_width":135,"heading":"2 - VINI JR","heading_size":"recommended","show_button":true,"button_style":"simple_link","button_label":"VER PRODUCTO","button_link":"shopify:\/\/collections\/la-liga","full_link":true}},"card_y3Gpby":{"type":"card","settings":{"color_scheme":"","image":"shopify:\/\/shop_images\/bf7c0c208918891.66f677126f37e.jpg","overlay_opacity":0.5,"icon":"none","icon_size":"recommended","logo_width":135,"heading":"3 - JUDE BELLINGHAM","heading_size":"recommended","show_button":true,"button_style":"simple_link","button_label":"VER PRODUCTO","button_link":"shopify:\/\/collections\/la-liga","full_link":true}}},"block_order":["card_HcqXXG","card_6PCbLp","card_9kCytf","card_y3Gpby"],"settings":{"layout":"type_1","columns":3,"color_scheme":"","enable_border":false,"border_full":false,"subheading":"","subheading_style":"subtitle","subheading_icon":"none","heading":"","heading_size":"h2","heading_line":"simple","line_color":"#1566e0","word_break":false,"heading_animation":"none","word_break_an":false,"text":"","text_align":"left","gap":"24","border_radius":true,"text_align_content":"bottom-left","icon_style":"contrast","icon_fill_type":"gradient","padding_top":"l","padding_bottom":"l","margin_top":"no-indent","margin_bottom":"no-indent"}},"1730678637bd02091f":{"type":"apps","settings":{"include_margins":true}},"numbers_3PMMkc":{"type":"numbers","blocks":{"column_Pbdif9":{"type":"column","settings":{"number":"+4310","heading":"CAMISETAS VENDIDAS","description":"","icon":"none","icon_color":"contrast","icon_fill_type":"solid","show_button":false,"button_label":"Label","button_link":""}},"column_nQfpfc":{"type":"column","settings":{"number":"+2749","heading":"CLIENTES SATISFECHOS","description":"","icon":"none","icon_color":"contrast","icon_fill_type":"solid","show_button":false,"button_label":"Label","button_link":""}},"column_bcDYfN":{"type":"column","settings":{"number":"+1327","heading":"¡PERSONALIZACIONES REALIZADAS!","description":"","icon":"none","icon_color":"contrast","icon_fill_type":"solid","show_button":false,"button_label":"Label","button_link":""}}},"block_order":["column_Pbdif9","column_nQfpfc","column_bcDYfN"],"settings":{"layout":"columns","block_type":"plain","columns_to_row":3,"color_scheme":"background-1","enable_border":false,"border_full":false,"subheading":"","subheading_style":"subtitle subtitle--secondary","subheading_icon":"none","heading":"","heading_line":"simple","line_color":"#1566e0","word_break":false,"text":"","text_align":"left","number_size":"recommended","icon_size":"recommended","card_heading_size":"recommended","number_size_first":"large","icon_size_first":"extra-large","card_heading_size_first":"h4","padding_top":"m","padding_bottom":"m"}},"collapsible_content_dCctnY":{"type":"collapsible-content","blocks":{"accordion_gVUkFP":{"type":"accordion","settings":{"question":"¿Qué es FUTCERTO?","answer":"<p>FUTCERTO es una tienda especializada en camisetas de equipos tailandeses de alta calidad, ofreciendo réplicas de primera línea. Compra desde cualquier parte del mundo y accede a productos auténticos y personalizados.<\/p>","opened":false}},"accordion_DhARYj":{"type":"accordion","settings":{"question":"¿Hacen envíos a todo el mundo?","answer":"<p>¡Sí! FUTCERTO realiza envíos a cualquier parte del mundo. No importa dónde estés, garantizamos que recibirás tu camiseta.<\/p>","opened":false}},"accordion_emxfKP":{"type":"accordion","settings":{"question":"¿Ofrecen personalización de camisetas?","answer":"<p>¡Sí! Ofrecemos personalización gratuita en todas nuestras camisetas. Puedes agregar tu nombre y número al pedido sin costo adicional.<\/p>","opened":false}},"accordion_iJXkTc":{"type":"accordion","settings":{"question":"¿Cuál es el tiempo de entrega de mis camisetas?","answer":"<p>El tiempo de entrega es de<strong>3 a 10 días hábiles<\/strong>, dependiendo de tu ubicación. Trabajamos con transportistas confiables para garantizar que recibas tu pedido lo más rápido posible.<\/p>","opened":false}},"accordion_dRVXMm":{"type":"accordion","settings":{"question":"¿Cuándo recibiré mi código de seguimiento?","answer":"<p>Recibirás tu código de seguimiento de<strong>2 a 5 días hábiles<\/strong>después de la confirmación del pago. Esto te permitirá seguir el progreso de tu entrega.<\/p>","opened":false}},"accordion_zfiKRE":{"type":"accordion","settings":{"question":"¿Las camisetas son de calidad?","answer":"<p>¡Sí! Todas nuestras camisetas son réplicas de primera línea, fabricadas con materiales de alta calidad para garantizar comodidad y durabilidad. Puedes estar seguro de que estás adquiriendo un producto que vale la pena.<\/p>","opened":false}},"accordion_JT9EEJ":{"type":"accordion","settings":{"question":"¿Cómo puedo cambiar o devolver una camiseta?","answer":"<p>Si necesitas cambiar o devolver una camiseta, contáctanos a nuestro servicio de atención al cliente dentro de los<strong>30 días<\/strong>posteriores a la recepción. Las camisetas deben estar en perfecto estado y sin signos de uso.<\/p>","opened":false}},"accordion_xrwwMP":{"type":"accordion","settings":{"question":"¿Cómo puedo contactar al servicio de atención al cliente?","answer":"<p>Puedes contactarnos a través de nuestro formulario de contacto en nuestro sitio web o enviando un correo electrónico a <a href=\"mailto:contacto@futcertoshop.com\">contacto@futcertoshop.com<\/a>. ¡Nuestro equipo está listo para ayudar!<\/p>","opened":false}}},"block_order":["accordion_gVUkFP","accordion_DhARYj","accordion_emxfKP","accordion_iJXkTc","accordion_dRVXMm","accordion_zfiKRE","accordion_JT9EEJ","accordion_xrwwMP"],"settings":{"layout":"background","color_scheme":"background-1","enable_border":false,"border_full":false,"subheading":"FAQ","subheading_style":"subtitle subtitle--secondary","subheading_icon":"none","heading":"PREGUNTAS FRECUENTES","heading_size":"h2","heading_line":"simple","line_color":"#1566e0","word_break":false,"heading_animation":"none","word_break_an":false,"text":"","text_align":"center","row_color_scheme":"background-2","padding_top":"l","padding_bottom":"l","margin_top":"no-indent","margin_bottom":"no-indent"}}},"order":["slideshow_dNeBBD","slideshow_zXwraF","steps_KeMdqV","popular_products_7RDJU3","featured_product_Jim7UN","products_grid_wLr9C7","multicolumn_KmyPRe","banner_grid_xQhxdC","1730678637bd02091f","numbers_3PMMkc","collapsible_content_dCctnY"]}