{"sections":{"main":{"type":"main-product","blocks":{"title":{"type":"title","settings":{"heading_size":"h3"}},"price":{"type":"price","settings":{}},"variant_picker":{"type":"variant_picker","settings":{"picker_type":"button"}},"custom_liquid_79bQFP":{"type":"custom_liquid","settings":{"custom_liquid":"<!-- Formulário de Personalização -->\n<div style=\"border: 1px solid #ddd; border-radius: 8px; padding: 20px; margin-bottom: 20px; background-color: transparent;\">\n    <h4 style=\"font-size: 1.5em; margin-bottom: 15px;\">\n        Personalización de la Camiseta (opcional)\n    <\/h4>\n    <p style=\"margin-bottom: 15px; font-size: 0.9em; color: #666;\">\n        Si desea personalizar su camiseta, por favor complete los campos a continuación. La personalización es opcional y no tiene costo adicional.\n    <\/p>\n    <label for=\"customizationName\" style=\"display: flex; align-items: center; margin-bottom: 10px;\">\n        <i class=\"fas fa-tshirt\" style=\"margin-right: 8px;\"><\/i> Nombre de la Camiseta:\n    <\/label>\n    <input type=\"text\" id=\"customizationName\" name=\"properties[Nombre de la Camiseta]\" placeholder=\"Escribe aquí\" style=\"width: 100%; padding: 10px; border-radius: 8px; border: 1px solid #ddd; margin-bottom: 15px; background-color: transparent; color: #333;\">\n    \n    <label for=\"customizationNumber\" style=\"display: flex; align-items: center; margin-bottom: 10px;\">\n        <i class=\"fas fa-hashtag\" style=\"margin-right: 8px;\"><\/i> Número de Camiseta:\n    <\/label>\n    <input type=\"text\" id=\"customizationNumber\" name=\"properties[Número de Camiseta]\" placeholder=\"Escribe aquí\" style=\"width: 100%; padding: 10px; border-radius: 8px; border: 1px solid #ddd; background-color: transparent; color: #333;\">\n<\/div>"}},"popup_gHgWXq":{"type":"popup","settings":{"label":"Guía de Tallas","heading":"","text":"","page":"guia-de-tallas"}},"buy_buttons":{"type":"buy_buttons","settings":{"show_dynamic_checkout":false,"show_quantity":true,"show_gift_card_recipient":false}},"custom_liquid_Uwek9P":{"type":"custom_liquid","settings":{"custom_liquid":"<!DOCTYPE html>\n<html lang=\"pt-br\">\n<head>\n    <meta charset=\"UTF-8\">\n    <meta name=\"viewport\" content=\"width=device-width, initial-scale=1.0\">\n    <style>\n        \/* Estilos gerais para a barra de aviso *\/\n        .aviso-barra {\n            background-color: transparent; \/* Fundo transparente *\/\n            color: #333; \/* Texto em cinza escuro *\/\n            padding: 15px 20px;\n            border-left: 4px solid #07FC56; \/* Linha lateral verde para destaque *\/\n            border-radius: 8px; \/* Bordas arredondadas *\/\n            font-family: 'Arial', sans-serif;\n            font-size: 14px; \/* Texto mais compacto *\/\n            max-width: 800px;\n            margin: 20px auto;\n            box-shadow: 0 2px 8px rgba(0, 0, 0, 0.1); \/* Sombra suave para dar profundidade *\/\n        }\n\n        .aviso-barra p {\n            margin: 0 0 10px; \/* Margem para separar os parágrafos *\/\n            line-height: 1.5; \/* Melhor espaçamento entre as linhas *\/\n        }\n\n        .aviso-barra strong {\n            font-weight: bold;\n        }\n\n        .aviso-barra .destaque {\n            color: #07FC56; \/* Verde da identidade visual *\/\n        }\n\n        \/* Responsividade *\/\n        @media (max-width: 600px) {\n            .aviso-barra {\n                font-size: 12px; \/* Menor fonte para telas pequenas *\/\n                padding: 12px 15px;\n            }\n        }\n    <\/style>\n<\/head>\n<body>\n\n    <!-- Barra de aviso -->\n    <div class=\"aviso-barra\">\n        <p><strong>La moneda predeterminada de la tienda es <span class=\"destaque\">USD<\/span> (dólar estadounidense).<\/strong><\/p>\n        <p><strong>Si prefieres pagar en tu moneda local, haz clic en <span class=\"destaque\">\"Agregar al carrito\"<\/span>, después ingresa tus datos de envío y selecciona la opción <span class=\"destaque\">“Tarjetas Locales, Transferencias y Efectivo”<\/span> al elegir el método de pago.<\/strong><\/p>\n        <p>Serás redirigido al proceso de pago con el valor convertido a tu moneda y podrás elegir el método de pago más conveniente para ti.<\/p>\n    <\/div>\n\n<\/body>\n<\/html>\n\n<!-- Inclua este link no cabeçalho do HTML para utilizar os ícones do Font Awesome -->\n<link rel=\"stylesheet\" href=\"https:\/\/cdnjs.cloudflare.com\/ajax\/libs\/font-awesome\/6.0.0-beta3\/css\/all.min.css\">\n\n<div style=\"padding: 15px; border: 1px solid #ddd; border-radius: 8px; margin-top: 15px; max-width: 500px; font-size: 0.9em;\">\n\n    <!-- Título -->\n    <h3 style=\"text-align: center; font-weight: bold; font-size: 1.3em; margin-bottom: 10px;\">\n        Información de Envío y Devolución\n    <\/h3>\n\n    <!-- Estimación de Entrega -->\n    <div style=\"border: 1px solid #ddd; border-radius: 8px; padding: 10px; margin-bottom: 10px;\">\n        <h4 style=\"display: flex; align-items: center; font-size: 1em;\">\n            <i class=\"fas fa-calendar-alt\" style=\"margin-right: 6px;\"><\/i> Estimación de Entrega\n        <\/h4>\n        <ul style=\"list-style-type: none; padding: 0; margin: 0;\">\n            <li><strong>Europa y América del Norte:<\/strong> 7 - 10 días hábiles<\/li>\n            <li><strong>América Central y América del Sur:<\/strong> 10 - 13 días hábiles<\/li>\n        <\/ul>\n    <\/div>\n\n    <!-- Envío Gratis -->\n    <div style=\"border: 1px solid #ddd; border-radius: 8px; padding: 10px; margin-bottom: 10px;\">\n        <h4 style=\"display: flex; align-items: center; font-size: 1em;\">\n            <i class=\"fas fa-shipping-fast\" style=\"margin-right: 6px;\"><\/i> Envío Gratis a Todo el Mundo\n        <\/h4>\n        <p style=\"margin: 0;\">Disfruta de envío gratuito para todas las regiones, sin mínimo de compra.<\/p>\n    <\/div>\n\n    <!-- Devolución Fácil -->\n    <div style=\"border: 1px solid #ddd; border-radius: 8px; padding: 10px;\">\n        <h4 style=\"display: flex; align-items: center; font-size: 1em;\">\n            <i class=\"fas fa-undo\" style=\"margin-right: 6px;\"><\/i> Devolución Fácil\n        <\/h4>\n        <p style=\"margin: 0;\">Tienes hasta <strong>30 días<\/strong> después de recibir el producto para realizar devoluciones sin complicaciones.<\/p>\n    <\/div>\n<\/div>"}},"description_dQVfTj":{"type":"description","disabled":true,"settings":{"description":""}}},"block_order":["title","price","variant_picker","custom_liquid_79bQFP","popup_gHgWXq","buy_buttons","custom_liquid_Uwek9P","description_dQVfTj"],"custom_css":[],"settings":{"desktop_alignment":"right","mobile_alignment":"before","gallery_type":"slider_previews","aspect_ratio":"adapt","image_fit":"cover","image_fit_modal":"contain","padding_bottom":"l"}},"custom_liquid_jLYGxA":{"type":"custom-liquid","custom_css":[],"settings":{"custom_liquid":"<!-- Incluya este enlace en la cabecera del HTML para utilizar los íconos de Font Awesome -->\n<link rel=\"stylesheet\" href=\"https:\/\/cdnjs.cloudflare.com\/ajax\/libs\/font-awesome\/6.0.0-beta3\/css\/all.min.css\">\n\n<div style=\"padding: 15px; border: 1px solid #ddd; border-radius: 8px; margin-top: 15px; max-width: 600px; font-size: 0.9em;\">\n\n    <!-- Nombre del Producto -->\n    <h2 style=\"text-align: center; font-weight: bold; font-size: 1.4em; margin-bottom: 15px;\">\n        Camiseta de Fútbol Premium – Réplica de Alta Calidad\n    <\/h2>\n\n    <!-- Descripción Principal -->\n    <p>¡Experimenta la sensación de vestir tu pasión! Nuestras camisetas de fútbol son réplicas de alta calidad que garantizan comodidad, durabilidad y estilo en el campo o fuera de él. Personaliza con tu nombre y número favoritos para un toque especial. Ideal para aficionados que quieren mostrar su amor por el equipo con estilo y autenticidad.<\/p>\n\n    <!-- Información sobre Réplicas -->\n    <div style=\"margin-top: 15px;\">\n        <div style=\"border: 1px solid #ddd; border-radius: 8px; padding: 10px; margin-bottom: 10px;\">\n            <h4 style=\"display: flex; align-items: center; font-size: 1em;\">\n                <i class=\"fas fa-check-circle\" style=\"margin-right: 6px;\"><\/i> Réplicas Perfectas\n            <\/h4>\n            <p style=\"margin: 0;\">Nuestras camisetas son réplicas perfectas 1:1, fabricadas principalmente en China, Tailandia y Vietnam. El tejido de las camisas es idéntico al producto original, y cada una se realiza con costura 100% automatizada para mantener el alto estándar y calidad.<\/p>\n        <\/div>\n    <\/div>\n\n<!-- Cuidados con el Producto -->\n<div style=\"border: 1px solid #ddd; border-radius: 8px; padding: 10px; margin-bottom: 10px;\">\n    <h4 style=\"font-size: 1.2em; display: flex; align-items: center; margin-bottom: 10px;\">\n        <i class=\"fas fa-tshirt\" style=\"margin-right: 8px;\"><\/i> Cuidados con la Camiseta\n    <\/h4>\n    <ul style=\"list-style-type: none; padding: 0;\">\n        <li><strong>Lavado:<\/strong> Lave a mano o en máquina en ciclo suave, agua fría.<\/li>\n        <li><strong>Secado:<\/strong> Seque a la sombra o a baja temperatura; evite secadora.<\/li>\n        <li><strong>Planchado:<\/strong> Use temperatura baja; evite planchar directamente sobre los gráficos.<\/li>\n    <\/ul>\n<\/div>\n\n    <!-- Detalles del Producto -->\n    <div style=\"margin-top: 15px;\">\n        <div style=\"border: 1px solid #ddd; border-radius: 8px; padding: 10px; margin-bottom: 10px;\">\n            <h4 style=\"display: flex; align-items: center; font-size: 1em;\">\n                <i class=\"fas fa-cogs\" style=\"margin-right: 6px;\"><\/i> Detalles del Producto\n            <\/h4>\n            <ul style=\"list-style-type: none; padding: 0; margin: 0;\">\n                <li><strong>Material:<\/strong> 100% poliéster de alta calidad<\/li>\n                <li><strong>Costura Reforzada:<\/strong> Mayor durabilidad para el uso frecuente<\/li>\n                <li><strong>Transpirabilidad:<\/strong> Ideal para actividades físicas, manteniendo la frescura<\/li>\n            <\/ul>\n        <\/div>\n    <\/div>\n\n    <!-- Personalización -->\n    <div style=\"border: 1px solid #ddd; border-radius: 8px; padding: 10px; margin-bottom: 10px;\">\n        <h4 style=\"display: flex; align-items: center; font-size: 1em;\">\n            <i class=\"fas fa-user-edit\" style=\"margin-right: 6px;\"><\/i> Personalización\n        <\/h4>\n        <p style=\"margin: 0;\">¡Agrega tu <strong>nombre y número<\/strong> preferidos de forma gratuita! Simplemente completa los campos de personalización al realizar tu pedido.<\/p>\n    <\/div>\n\n    <!-- Guía de Tallas -->\n    <div style=\"border: 1px solid #ddd; border-radius: 8px; padding: 10px; margin-bottom: 10px;\">\n        <h4 style=\"display: flex; align-items: center; font-size: 1em;\">\n            <i class=\"fas fa-ruler-combined\" style=\"margin-right: 6px;\"><\/i> Guía de Tallas\n        <\/h4>\n        <table style=\"width: 100%; border-collapse: collapse; margin-top: 10px;\">\n            <thead>\n                <tr style=\"background-color: transparent;\">\n                    <th style=\"border: 1px solid #ddd; padding: 8px; font-size: 0.9em;\">Tamaño<\/th>\n                    <th style=\"border: 1px solid #ddd; padding: 8px; font-size: 0.9em;\">Long.<\/th>\n                    <th style=\"border: 1px solid #ddd; padding: 8px; font-size: 0.9em;\">Ancho<\/th>\n                    <th style=\"border: 1px solid #ddd; padding: 8px; font-size: 0.9em;\">Altura<\/th>\n                    <th style=\"border: 1px solid #ddd; padding: 8px; font-size: 0.9em;\">Peso<\/th>\n                <\/tr>\n            <\/thead>\n            <tbody>\n                <tr>\n                    <td style=\"border: 1px solid #ddd; padding: 8px;\">S<\/td>\n                    <td style=\"border: 1px solid #ddd; padding: 8px;\">72<\/td>\n                    <td style=\"border: 1px solid #ddd; padding: 8px;\">50<\/td>\n                    <td style=\"border: 1px solid #ddd; padding: 8px;\">162-170<\/td>\n                    <td style=\"border: 1px solid #ddd; padding: 8px;\">50-62<\/td>\n                <\/tr>\n                <tr>\n                    <td style=\"border: 1px solid #ddd; padding: 8px;\">M<\/td>\n                    <td style=\"border: 1px solid #ddd; padding: 8px;\">74<\/td>\n                    <td style=\"border: 1px solid #ddd; padding: 8px;\">52<\/td>\n                    <td style=\"border: 1px solid #ddd; padding: 8px;\">170-176<\/td>\n                    <td style=\"border: 1px solid #ddd; padding: 8px;\">62-78<\/td>\n                <\/tr>\n                <tr>\n                    <td style=\"border: 1px solid #ddd; padding: 8px;\">L<\/td>\n                    <td style=\"border: 1px solid #ddd; padding: 8px;\">76<\/td>\n                    <td style=\"border: 1px solid #ddd; padding: 8px;\">54<\/td>\n                    <td style=\"border: 1px solid #ddd; padding: 8px;\">176-182<\/td>\n                    <td style=\"border: 1px solid #ddd; padding: 8px;\">78-83<\/td>\n                <\/tr>\n                <tr>\n                    <td style=\"border: 1px solid #ddd; padding: 8px;\">XL<\/td>\n                    <td style=\"border: 1px solid #ddd; padding: 8px;\">78<\/td>\n                    <td style=\"border: 1px solid #ddd; padding: 8px;\">56<\/td>\n                    <td style=\"border: 1px solid #ddd; padding: 8px;\">182-190<\/td>\n                    <td style=\"border: 1px solid #ddd; padding: 8px;\">83-90<\/td>\n                <\/tr>\n                <tr>\n                    <td style=\"border: 1px solid #ddd; padding: 8px;\">2XL<\/td>\n                    <td style=\"border: 1px solid #ddd; padding: 8px;\">80<\/td>\n                    <td style=\"border: 1px solid #ddd; padding: 8px;\">58<\/td>\n                    <td style=\"border: 1px solid #ddd; padding: 8px;\">190-195<\/td>\n                    <td style=\"border: 1px solid #ddd; padding: 8px;\">90-97<\/td>\n                <\/tr>\n            <\/tbody>\n        <\/table>\n        <p style=\"margin-top: 10px; font-size: 0.8em; color: #555;\">*Todas las medidas están en centímetros.<\/p>\n    <\/div>\n\n    <!-- Información Adicional -->\n<div style=\"border: 1px solid #ddd; border-radius: 8px; padding: 10px; margin-bottom: 10px;\">\n    <h4 style=\"font-size: 1.2em; display: flex; align-items: center; margin-bottom: 10px;\">\n        <i class=\"fas fa-info-circle\" style=\"margin-right: 8px;\"><\/i> Información Adicional\n    <\/h4>\n    <ul style=\"list-style-type: none; padding: 0; margin: 0;\">\n        <li style=\"margin-bottom: 8px;\">\n            <i class=\"fas fa-shipping-fast\" style=\"margin-right: 6px;\"><\/i>\n            <strong>Envío:<\/strong> Envío gratuito a todos los destinos. ¡Recibe tu camiseta sin costo adicional!\n        <\/li>\n        <li style=\"margin-bottom: 8px;\">\n            <i class=\"fas fa-undo\" style=\"margin-right: 6px;\"><\/i>\n            <strong>Política de Devoluciones:<\/strong> Tienes 30 días para devolver el producto si no estás satisfecho. ¡Compras sin riesgos!\n        <\/li>\n        <li style=\"margin-bottom: 8px;\">\n            <i class=\"fas fa-phone-alt\" style=\"margin-right: 6px;\"><\/i>\n            <strong>Atención al Cliente:<\/strong> Contáctanos a través de nuestro chat en vivo para asistencia inmediata. Estamos aquí para ayudarte.\n        <\/li>\n        <li style=\"margin-bottom: 8px;\">\n            <i class=\"fas fa-star\" style=\"margin-right: 6px;\"><\/i>\n            <strong>Calidad Garantizada:<\/strong> Todas nuestras camisetas son sometidas a estrictos controles de calidad para asegurar que recibas solo lo mejor.\n        <\/li>\n        <li style=\"margin-bottom: 0;\">\n            <i class=\"fas fa-clock\" style=\"margin-right: 6px;\"><\/i>\n            <strong>Tiempo de Entrega:<\/strong> Recibe tu camiseta entre 5-7 días hábiles. Nos aseguramos de que llegue rápido a ti.\n        <\/li>\n    <\/ul>\n<\/div>\n\n\n\n\n<div style=\"border: 1px solid #ddd; border-radius: 8px; padding: 10px; margin-bottom: 10px;\">\n    <h3 style=\"font-size: 1.5em; margin-bottom: 10px;\">Opiniones de Nuestros Clientes<\/h3>\n    \n    <div style=\"margin-bottom: 15px;\">\n        <p style=\"font-weight: bold;\">Andrés García<\/p>\n        <p style=\"font-style: italic;\">Ciudad de Mendoza, Argentina<\/p>\n        <p>\"Las camisetas son de una calidad impresionante. Me encanta la forma en que se sienten y se ven. ¡Definitivamente volveré a comprar!\"<\/p>\n    <\/div>\n    \n    <div style=\"margin-bottom: 15px;\">\n        <p style=\"font-weight: bold;\">Emma Johnson<\/p>\n        <p style=\"font-style: italic;\">Springfield, USA<\/p>\n        <p>\"The shirts are amazing! They fit perfectly and the fabric feels great. I’m so happy with my purchase!\"<\/p>\n    <\/div>\n    \n    <div style=\"margin-bottom: 15px;\">\n        <p style=\"font-weight: bold;\">Carlos Pérez<\/p>\n        <p style=\"font-style: italic;\">Villa de Leyva, Colombia<\/p>\n        <p>\"Una experiencia de compra increíble. La camiseta llegó a tiempo y la calidad es excelente. ¡Gracias!\"<\/p>\n    <\/div>\n    \n    <div style=\"margin-bottom: 15px;\">\n        <p style=\"font-weight: bold;\">Sofia Müller<\/p>\n        <p style=\"font-style: italic;\">Freiburg, Alemania<\/p>\n        <p>\"Die Qualität ist hervorragend! Ich bin begeistert von der Passform und dem Design. Ich werde auf jeden Fall wieder kaufen!\"<\/p>\n    <\/div>\n    \n    <div style=\"margin-bottom: 15px;\">\n        <p style=\"font-weight: bold;\">Valentina Soto<\/p>\n        <p style=\"font-style: italic;\">La Paz, Bolivia<\/p>\n        <p>\"Me encantó mi camiseta. Es una réplica perfecta y el ajuste es ideal. ¡Definitivamente, la mejor compra que he hecho!\"<\/p>\n    <\/div>\n    \n    <div style=\"margin-bottom: 15px;\">\n        <p style=\"font-weight: bold;\">James Smith<\/p>\n        <p style=\"font-style: italic;\">Vancouver, Canada<\/p>\n        <p>\"These shirts are fantastic! The quality is top-notch and they look amazing. Highly recommend!\"<\/p>\n    <\/div>\n\n    <div style=\"margin-bottom: 15px;\">\n        <p style=\"font-weight: bold;\">María González<\/p>\n        <p style=\"font-style: italic;\">Trelew, Argentina<\/p>\n        <p>\"Simplemente me encanta. La camiseta es perfecta y me queda bien. ¡No puedo esperar para usarla en el próximo partido!\"<\/p>\n    <\/div>\n<\/div>\n\n\n\n<!-- Garantía -->\n<div style=\"border: 1px solid #ddd; border-radius: 8px; padding: 10px; margin-bottom: 10px;\">\n    <h4 style=\"font-size: 1.2em; display: flex; align-items: center; margin-bottom: 10px;\">\n        <i class=\"fas fa-check-circle\" style=\"margin-right: 8px;\"><\/i> Garantía de Satisfacción\n    <\/h4>\n    <p>\n        Garantizamos la calidad de nuestras camisetas. Si no está satisfecho con su compra, ofrecemos una devolución fácil en hasta 30 días después de la recepción. ¡Su satisfacción es nuestra prioridad!\n    <\/p>\n<\/div>\n\n<!-- Llamada a la Acción -->\n<div style=\"border: 1px solid #ddd; border-radius: 8px; padding: 10px; margin-bottom: 10px; background-color: transparent;\">\n    <h4 style=\"font-size: 1.2em; display: flex; align-items: center; margin-bottom: 10px;\">\n        <i class=\"fas fa-shopping-cart\" style=\"margin-right: 8px;\"><\/i> ¡No Te Lo Pierdas!\n    <\/h4>\n    <p>\n        ¡No pierdas la oportunidad de tener una camiseta de calidad premium en tu colección! ¡Añádela al carrito ahora y aprovecha el <strong>envío gratis<\/strong> a todo el mundo! ¡Transforma tu estilo con nuestras réplicas perfectas!\n    <\/p>\n<\/div>"}},"product-recommendations":{"type":"product-recommendations","settings":{"color_scheme":"background-1","subheading":"","subheading_style":"subtitle","subheading_icon":"none","heading":"También te puede gustar","heading_size":"h2","text":"","products_limit":6,"image_ratio":"5\/4","image_fit":"cover","show_secondary_image":true,"show_vendor":false,"show_desc":false,"padding_top":"l","padding_bottom":"l"}}},"order":["main","custom_liquid_jLYGxA","product-recommendations"]}