{"sections":{"slideshow_rKRKrm":{"type":"slideshow","blocks":{"image_Ky7B3r":{"type":"image","settings":{"image":"shopify:\/\/shop_images\/banner-1-store.jpg","content_max_width":780,"mobile_text_position":"place-self-center text-center","desktop_text_position":"sm:place-self-center sm:text-center","subheading":"TEMA IMPACT 2025","title":"Seu Título Aqui","heading_tag":"h0","button_text":"VER PRODUTO","button_link":"","text_color":"#ffffff","button_background":"#ffffff","button_text_color":"#000000","overlay_color":"#000000","overlay_opacity":30,"background":"#f0f0f0","background_gradient":""}},"image_3ztCQd":{"type":"image","settings":{"image":"shopify:\/\/shop_images\/banner-1-store.jpg","content_max_width":780,"mobile_text_position":"place-self-center text-center","desktop_text_position":"sm:place-self-center sm:text-center","subheading":"TEMA IMPACT 2025","title":"Seu Título Aqui","heading_tag":"h0","button_text":"VER PRODUTO","button_link":"","text_color":"#ffffff","button_background":"#ffffff","button_text_color":"#000000","overlay_color":"#000000","overlay_opacity":30,"background":"#f0f0f0","background_gradient":""}},"image_cybAQk":{"type":"image","settings":{"image":"shopify:\/\/shop_images\/banner-1-store.jpg","content_max_width":780,"mobile_text_position":"place-self-center text-center","desktop_text_position":"sm:place-self-center sm:text-center","subheading":"TEMA IMPACT 2025","title":"Seu Título Aqui","heading_tag":"h0","button_text":"VER PRODUTO","button_link":"","text_color":"#ffffff","button_background":"#ffffff","button_text_color":"#000000","overlay_color":"#000000","overlay_opacity":30,"background":"#f0f0f0","background_gradient":""}}},"block_order":["image_Ky7B3r","image_3ztCQd","image_cybAQk"],"settings":{"margin_top":false,"full_width":false,"allow_transparent_header":true,"image_size":"md","controls_type":"numbers","transition_type":"fade_with_text","autoplay":true,"cycle_speed":4,"background":"#ffffff","background_gradient":""}},"image_link_blocks_CrnWWJ":{"type":"image-link-blocks","blocks":{"item_K7ammW":{"type":"item","settings":{"stretch_image":true,"link_text":"","link_url":"","background":"","text_color":"#ffffff","overlay_color":"#000000","overlay_opacity":0}},"item_bnMGke":{"type":"item","settings":{"stretch_image":true,"link_text":"","link_url":"","background":"","text_color":"#ffffff","overlay_color":"#000000","overlay_opacity":0}},"item_xNMFQ3":{"type":"item","settings":{"stretch_image":true,"link_text":"","link_url":"","background":"","text_color":"#ffffff","overlay_color":"#000000","overlay_opacity":0}},"item_AbMRYG":{"type":"item","settings":{"stretch_image":true,"link_text":"","link_url":"","background":"","text_color":"#ffffff","overlay_color":"#000000","overlay_opacity":0}},"item_UajQmA":{"type":"item","settings":{"stretch_image":true,"link_text":"","link_url":"","background":"","text_color":"#ffffff","overlay_color":"#000000","overlay_opacity":0}}},"block_order":["item_K7ammW","item_bnMGke","item_xNMFQ3","item_AbMRYG","item_UajQmA"],"settings":{"full_width":false,"block_size":"medium","subheading":"","title":"","content":"","link_url":"","link_text":"","background":"","background_gradient":"","text_color":"","heading_color":"","heading_gradient":""}},"scrolling-text":{"type":"scrolling-text","settings":{"full_width":true,"text":"Texto Promocional","text_size":"large","text_style":"fill","scrolling_mode":"auto","scrolling_speed":5,"background":"","background_gradient":"","text_color":"","text_gradient":""}},"collection_list_YtiA6P":{"type":"collection-list","blocks":{"collection_inaBp7":{"type":"collection","settings":{"collection":"","subheading":"","title":"","url":"","heading_tag":"h2","text_position":"place-self-center text-center","text_color":"#ffffff","overlay_color":"#000000","overlay_opacity":30}},"collection_HcnNbc":{"type":"collection","settings":{"collection":"","subheading":"","title":"","url":"","heading_tag":"h2","text_position":"place-self-center text-center","text_color":"#ffffff","overlay_color":"#000000","overlay_opacity":30}},"collection_idNx6h":{"type":"collection","settings":{"collection":"","subheading":"","title":"","url":"","heading_tag":"h2","text_position":"place-self-center text-center","text_color":"#ffffff","overlay_color":"#000000","overlay_opacity":30}}},"block_order":["collection_inaBp7","collection_HcnNbc","collection_idNx6h"],"settings":{"full_width":true,"stack_collections":true,"collections_per_row":5,"show_progress_bar":false,"subheading":"","title":"Lista de coleções","content":"","link_url":"","link_text":"Ver todos","background":"","background_gradient":"","text_color":"","heading_color":"","heading_gradient":""}},"featured_collection_GppBj6":{"type":"featured-collection","settings":{"collection":"origin","products":[],"full_width":true,"stack_products":false,"show_progress_bar":false,"products_count":50,"products_per_row_mobile":"2","products_per_row_desktop":4,"subheading":"","title":"Coleção em Destaque","content":"","link_url":"","link_text":"Ver tudo","background":"","background_gradient":"","text_color":"","heading_color":"","heading_gradient":"","product_card_background":"","product_card_text_color":""}},"slideshow_jjPhDL":{"type":"slideshow","blocks":{"image_8azGmW":{"type":"image","settings":{"content_max_width":580,"mobile_text_position":"place-self-start-center text-center","desktop_text_position":"sm:place-self-center-start sm:text-start","subheading":"COLEÇÃO ESPECIAL","title":"Marque os seus melhores momentos","heading_tag":"h1","button_text":"CONHECER COLEÇÃO","button_link":"shopify:\/\/collections\/origin","text_color":"#272727","button_background":"#272727","button_text_color":"#ffffff","overlay_color":"#272727","overlay_opacity":0,"background":"","background_gradient":""}}},"block_order":["image_8azGmW"],"custom_css":[],"settings":{"margin_top":true,"full_width":false,"allow_transparent_header":true,"image_size":"md","controls_type":"dots","transition_type":"fade_with_text","autoplay":false,"cycle_speed":6,"background":"rgba(0,0,0,0)","background_gradient":""}},"refresh_text_FUCDHV":{"type":"refresh-text","blocks":{"item_a3W7Lj":{"type":"item","settings":{"title":"100%","subheading":"Mostre um benefício do seu produto","content":"","button_text":"","button_url":"","animate_refresh_text":true,"animate_refresh_text_duration":3}}},"block_order":["item_a3W7Lj"],"settings":{"full_width":false,"stack_mobile":false,"text_alignment":"center","refresh_text_style":"fill","text_divider":"none","refresh_text_size_ratio":1,"background":"","background_gradient":"","heading_text_color":"","heading_gradient":"linear-gradient(180deg, rgba(26, 26, 26, 0.2), rgba(26, 26, 26, 0) 100%)","text_color":"","button_background":"","button_text_color":""}},"image_with_text_overlay_embRwB":{"type":"image-with-text-overlay","blocks":{"subheading_MWqUQy":{"type":"subheading","settings":{"text":"Subtítulo"}},"heading_hDwyqR":{"type":"heading","settings":{"text":"Imagem com texto","heading_tag":"h1"}},"richtext_6haX7L":{"type":"richtext","settings":{"content":"<p>Use este texto para compartilhar informações sobre sua marca com seus clientes. Descreva um produto, compartilhe anúncios ou dê as boas-vindas aos clientes em sua loja.<\/p>"}}},"block_order":["subheading_MWqUQy","heading_hDwyqR","richtext_6haX7L"],"settings":{"full_width":true,"allow_transparent_header":false,"enable_parallax":false,"image_size":"auto","mobile_text_position":"place-self-center text-center","desktop_text_position":"sm:place-self-center sm:text-center","text_color":"#ffffff","overlay_color":"#000000","overlay_opacity":30}},"media_grid_EG8yTz":{"type":"media-grid","blocks":{"image_jKnPLJ":{"type":"image","settings":{"title":"Promova seus produtos","heading_tag":"h4","link_url":"","link_text":"","mobile_text_position":"place-self-center text-center","desktop_column_span":2,"desktop_row_span":2,"desktop_text_position":"sm:place-self-center sm:text-center","background":"#000000","background_gradient":"","text_color":"#ffffff","text_gradient":"","button_background":"#000000","button_text_color":"#ffffff","overlay_color":"#000000","overlay_opacity":0}},"image_WCcfzG":{"type":"image","settings":{"title":"Promova seus produtos","heading_tag":"h4","link_url":"","link_text":"","mobile_text_position":"place-self-center text-center","desktop_column_span":1,"desktop_row_span":1,"desktop_text_position":"sm:place-self-center sm:text-center","background":"#000000","background_gradient":"","text_color":"#ffffff","text_gradient":"","button_background":"#000000","button_text_color":"#ffffff","overlay_color":"#000000","overlay_opacity":0}},"image_jWa6Ad":{"type":"image","settings":{"title":"Promova seus produtos","heading_tag":"h4","link_url":"","link_text":"","mobile_text_position":"place-self-center text-center","desktop_column_span":1,"desktop_row_span":1,"desktop_text_position":"sm:place-self-center sm:text-center","background":"#000000","background_gradient":"","text_color":"#ffffff","text_gradient":"","button_background":"#000000","button_text_color":"#ffffff","overlay_color":"#000000","overlay_opacity":0}},"image_UXgEFJ":{"type":"image","settings":{"title":"Promova seus produtos","heading_tag":"h4","link_url":"","link_text":"","mobile_text_position":"place-self-center text-center","desktop_column_span":2,"desktop_row_span":1,"desktop_text_position":"sm:place-self-center sm:text-center","background":"#000000","background_gradient":"","text_color":"#ffffff","text_gradient":"","button_background":"#000000","button_text_color":"#ffffff","overlay_color":"#000000","overlay_opacity":0}}},"block_order":["image_jKnPLJ","image_WCcfzG","image_jWa6Ad","image_UXgEFJ"],"settings":{"full_width":true,"reduce_width":false,"desktop_row_height":290,"mobile_row_height":150,"background":"","background_gradient":""}},"before_after_image_LwFwGM":{"type":"before-after-image","settings":{"full_width":true,"subheading":"","title":"Antes\/Depois","content":"<p>Destaque o benefício do seu produto usando uma comparação de imagem antes\/depois.<\/p>","expand_image":false,"text_position":"start","before_after_text_position":"top","before_text":"Antes","after_text":"Depois","drag_initial_position":50,"background":"","background_gradient":"","text_color":"","before_text_color":"#ffffff","after_text_color":"#ffffff","drag_cursor_background":"#ffffff","drag_cursor_color":"#000000"}},"press_X4tULf":{"type":"press","blocks":{"quote_VcdffL":{"type":"quote","settings":{"logo_width":100,"author":"Mariana, São Paulo","content":"A pantalona mais confortável e elegante que já usei. O ajuste é perfeito e a versatilidade é surpreendente.","show_rating":true,"rating":5}},"quote_VQ9ict":{"type":"quote","settings":{"logo_width":100,"author":"Clara, Rio de Janeiro","content":"Impressionante como o design alia conforto e sofisticação. Uma peça indispensável no guarda-roupa.","show_rating":true,"rating":5}}},"block_order":["quote_VcdffL","quote_VQ9ict"],"settings":{"full_width":true,"content_size":"medium","background":"#ececec","background_gradient":"","text_color":"","heading_color":"","heading_gradient":"","logo_item_background":"","logo_item_border":""}},"hot_spots_jrYURY":{"type":"hot-spots","blocks":{"item_xeFBed":{"type":"item","settings":{"horizontal_position":24,"vertical_position":70,"horizontal_position_mobile":24,"vertical_position_mobile":70,"icon_width":32,"title":"Nome da funcionalidade","content":"<p>Compartilhe informações úteis sobre as funcionalidades do seu produto.<\/p>"}},"item_bQHCkY":{"type":"item","settings":{"horizontal_position":62,"vertical_position":14,"horizontal_position_mobile":62,"vertical_position_mobile":14,"icon_width":32,"title":"Nome da funcionalidade","content":"<p>Compartilhe informações úteis sobre as funcionalidades do seu produto.<\/p>"}},"item_NetCkA":{"type":"item","settings":{"horizontal_position":83,"vertical_position":75,"horizontal_position_mobile":83,"vertical_position_mobile":75,"icon_width":32,"title":"Nome da funcionalidade","content":"<p>Compartilhe informações úteis sobre as funcionalidades do seu produto.<\/p>"}}},"block_order":["item_xeFBed","item_bQHCkY","item_NetCkA"],"settings":{"margin_top":false,"full_width":true,"title":"","content":"","button_text":"","button_url":"","desktop_text_position":"place-self-start text-start","image_background":"","image_background_gradient":"","overlay_color":"#000000","overlay_opacity":0,"overlay_text_color":"#ffffff","overlay_button_background":"","overlay_button_text_color":"","hot_spot_dot_background":"#ffffff","hot_spot_dot_text_color":"#000000","hot_spot_content_background":"#ffffff","hot_spot_content_text_color":"#000000","hot_spot_content_opacity":90,"hot_spot_content_blur_radius":3}},"featured_collection_brMY49":{"type":"featured-collection","settings":{"collection":"origin","products":[],"full_width":true,"stack_products":true,"show_progress_bar":false,"products_count":6,"products_per_row_mobile":"2","products_per_row_desktop":3,"subheading":"VISTA A MODA","title":"Inverno na moda","content":"","link_url":"","link_text":"Ver tudo","background":"","background_gradient":"","text_color":"","heading_color":"","heading_gradient":"","product_card_background":"","product_card_text_color":""}},"featured_product_RxEi36":{"type":"featured-product","blocks":{"vendor_DkDAxb":{"type":"vendor","settings":{}},"title_FBPaGz":{"type":"title","settings":{"heading_tag":"h2"}},"badges_UxtHRn":{"type":"badges","settings":{}},"price_nCxz4T":{"type":"price","settings":{"show_taxes_notice":false}},"rating_FtHgHH":{"type":"rating","settings":{"show_empty":false}},"separator_kQidpb":{"type":"separator","settings":{}},"description_tGVPFc":{"type":"description","settings":{"collapse_content":false}},"variant_picker_AEt9kf":{"type":"variant_picker","settings":{"hide_sold_out_variants":false,"stack_blocks":true,"selector_mode":"block","color_mode":"color","size_chart_page":""}},"quantity_selector_iphTQk":{"type":"quantity_selector","settings":{}},"buy_buttons_dD8kh7":{"type":"buy_buttons","settings":{"show_payment_button":true,"payment_button_background":"","payment_button_text_color":""}}},"block_order":["vendor_DkDAxb","title_FBPaGz","badges_UxtHRn","price_nCxz4T","rating_FtHgHH","separator_kQidpb","description_tGVPFc","variant_picker_AEt9kf","quantity_selector_iphTQk","buy_buttons_dD8kh7"],"settings":{"full_width":true,"product":"","desktop_media_width":55,"desktop_media_layout":"carousel_thumbnails_left","mobile_media_size":"expanded","mobile_carousel_control":"floating_dots","enable_video_autoplay":true,"enable_video_looping":false,"enable_image_zoom":true,"max_image_zoom_level":3,"background":"","background_gradient":"","text_color":"","input_background":"rgba(0,0,0,0)","input_text_color":""}},"revealed_image_on_scroll_D9PNYA":{"type":"revealed-image-on-scroll","settings":{"subheading":"ISTO É AUROHRA","title":"Para as poucas que exigem o máximo","background":"","text_color_inside":"#ffffff","text_color_outside":"#000000"}},"faq_pGpwkg":{"type":"faq","blocks":{"item_hyWnXc":{"type":"item","settings":{"title":"Vocês enviam para o exterior?","content":"<p>Sim, nós enviamos para todo o mundo. Custos de envio serão aplicados e adicionados no checkout. Oferecemos descontos e promoções durante o ano todo, então fique atento para ofertas exclusivas.<\/p>"}},"item_VY6AiG":{"type":"item","settings":{"title":"Quanto tempo levará para eu receber meus pedidos?","content":"<p>Depende de onde você está. Pedidos processados aqui levarão de 5 a 7 dias úteis para chegar. Entregas internacionais podem levar de 7 a 16 dias. Detalhes de entrega serão fornecidos no seu email de confirmação.<\/p>"}},"item_brNWY9":{"type":"item","settings":{"title":"Alguma pergunta?","content":"<p>Você pode nos contatar através de nossa página de contato! Teremos prazer em ajudá-lo.<\/p>"}}},"block_order":["item_hyWnXc","item_VY6AiG","item_brNWY9"],"settings":{"full_width":true,"subheading":"","title":"Perguntas frequentes","content":"<p>Use este texto para compartilhar informações sobre seus produtos ou políticas de envio.<\/p>","team_avatar_width":160,"support_hours":"Nosso suporte ao cliente está disponível de segunda a sexta-feira: das 8h às 20h30.","answer_time":"Tempo médio de resposta: 24h","button_text":"","button_url":"","text_position":"start","background":"rgba(0,0,0,0)","background_gradient":"","text_color":"","heading_color":"","heading_gradient":"","button_background":"","button_text_color":"","accordion_background":"","accordion_text_color":""}}},"order":["slideshow_rKRKrm","image_link_blocks_CrnWWJ","scrolling-text","collection_list_YtiA6P","featured_collection_GppBj6","slideshow_jjPhDL","refresh_text_FUCDHV","image_with_text_overlay_embRwB","media_grid_EG8yTz","before_after_image_LwFwGM","press_X4tULf","hot_spots_jrYURY","featured_collection_brMY49","featured_product_RxEi36","revealed_image_on_scroll_D9PNYA","faq_pGpwkg"]}