{"sections":{"main":{"type":"main-password","blocks":{"logo":{"type":"logo","settings":{"image":"{{ shop.brand.logo }}","max_width":140}},"content":{"type":"content","settings":{"title":"Em breve","show_social_media":false,"show_newsletter_form":true,"background":"#ffffff","background_gradient":"","text_color":"#252627","button_background":"","button_text_color":""}}},"block_order":["logo","content"],"settings":{"content_position":"center","background":"#252627","background_gradient":""}},"custom_liquid_APUhfG":{"type":"custom-liquid","settings":{"full_width":false,"remove_vertical_spacing":true,"remove_horizontal_spacing":true,"liquid":"<div style=\"text-align:center;font-size:10px;color:#fff;background:#000;padding:10px 0;\">Adquira este Tema para sua Loja, <a href=\"https:\/\/tiny.cc\/protemasbrasil\" style=\"font-weight:bold;text-decoration:none;color:#fff;\">Clique Aqui.<\/a><\/div>","background":"","background_gradient":"","text_color":""}}},"order":["main","custom_liquid_APUhfG"]}