[
  {
    "name": "theme_info",
    "theme_name": "Foltz Fanwear",
    "theme_version": "1.0.0",
    "theme_author": "Custom Development",
    "theme_documentation_url": "https://github.com/foltz/theme-docs",
    "theme_support_url": "mailto:support@foltz.com"
  },
  {
    "name": "Colors",
    "settings": [
      {
        "type": "header",
        "content": "Brand Colors"
      },
      {
        "type": "color",
        "id": "color_brand_yellow",
        "label": "Brand Yellow",
        "default": "#DAF10D",
        "info": "Main brand color used for CTAs, highlights, and accents"
      },
      {
        "type": "color",
        "id": "color_background",
        "label": "Background",
        "default": "#000000",
        "info": "Main background color"
      },
      {
        "type": "header",
        "content": "Text Colors"
      },
      {
        "type": "color",
        "id": "color_text_primary",
        "label": "Primary Text",
        "default": "#FFFFFF",
        "info": "Main text color"
      },
      {
        "type": "color",
        "id": "color_text_subdued",
        "label": "Subdued Text",
        "default": "#9CA3AF",
        "info": "Secondary text color"
      },
      {
        "type": "header",
        "content": "Status Colors"
      },
      {
        "type": "color",
        "id": "color_success",
        "label": "Success",
        "default": "#16A34A"
      },
      {
        "type": "color",
        "id": "color_error",
        "label": "Error",
        "default": "#EF4444"
      },
      {
        "type": "color",
        "id": "color_warning",
        "label": "Warning",
        "default": "#F59E0B"
      }
    ]
  },
  {
    "name": "Typography",
    "settings": [
      {
        "type": "header",
        "content": "Font Family"
      },
      {
        "type": "font_picker",
        "id": "font_body",
        "label": "Body Font",
        "default": "assistant_n4",
        "info": "Used for body text and descriptions"
      },
      {
        "type": "font_picker",
        "id": "font_heading",
        "label": "Heading Font",
        "default": "assistant_n7",
        "info": "Used for headings and titles"
      },
      {
        "type": "header",
        "content": "Font Sizes"
      },
      {
        "type": "range",
        "id": "font_size_base",
        "label": "Base Font Size",
        "min": 14,
        "max": 20,
        "step": 1,
        "unit": "px",
        "default": 16
      },
      {
        "type": "range",
        "id": "font_size_h1",
        "label": "H1 Size",
        "min": 32,
        "max": 72,
        "step": 2,
        "unit": "px",
        "default": 48
      },
      {
        "type": "range",
        "id": "font_size_h2",
        "label": "H2 Size",
        "min": 24,
        "max": 56,
        "step": 2,
        "unit": "px",
        "default": 40
      },
      {
        "type": "range",
        "id": "font_size_h3",
        "label": "H3 Size",
        "min": 20,
        "max": 40,
        "step": 2,
        "unit": "px",
        "default": 32
      }
    ]
  },
  {
    "name": "Header",
    "settings": [
      {
        "type": "header",
        "content": "Announcement Bar"
      },
      {
        "type": "checkbox",
        "id": "header_show_announcement",
        "label": "Show announcement bar",
        "default": true
      },
      {
        "type": "text",
        "id": "header_announcement_text",
        "label": "Announcement text",
        "default": "Free shipping on orders over $100"
      },
      {
        "type": "url",
        "id": "header_announcement_link",
        "label": "Announcement link"
      },
      {
        "type": "color",
        "id": "header_announcement_bg",
        "label": "Background color",
        "default": "#DAF10D"
      },
      {
        "type": "color",
        "id": "header_announcement_text_color",
        "label": "Text color",
        "default": "#000000"
      },
      {
        "type": "header",
        "content": "Logo"
      },
      {
        "type": "image_picker",
        "id": "logo",
        "label": "Logo image"
      },
      {
        "type": "range",
        "id": "logo_width",
        "label": "Logo width",
        "min": 80,
        "max": 300,
        "step": 10,
        "unit": "px",
        "default": 150
      },
      {
        "type": "header",
        "content": "Header Settings"
      },
      {
        "type": "checkbox",
        "id": "header_sticky",
        "label": "Enable sticky header",
        "default": true,
        "info": "Header stays visible when scrolling"
      },
      {
        "type": "checkbox",
        "id": "header_show_search",
        "label": "Show search icon",
        "default": true
      },
      {
        "type": "checkbox",
        "id": "header_show_cart",
        "label": "Show cart icon",
        "default": true
      },
      {
        "type": "checkbox",
        "id": "header_show_account",
        "label": "Show account icon",
        "default": true
      },
      {
        "type": "checkbox",
        "id": "header_show_wishlist",
        "label": "Show wishlist icon",
        "default": true
      },
      {
        "type": "select",
        "id": "header_cart_type",
        "label": "Cart type",
        "options": [
          {
            "value": "drawer",
            "label": "Drawer (slides from side)"
          },
          {
            "value": "page",
            "label": "Page (navigates to cart page)"
          }
        ],
        "default": "drawer"
      }
    ]
  },
  {
    "name": "Footer",
    "settings": [
      {
        "type": "header",
        "content": "Logo"
      },
      {
        "type": "image_picker",
        "id": "footer_logo",
        "label": "Footer logo",
        "info": "Leave empty to use header logo"
      },
      {
        "type": "range",
        "id": "footer_logo_width",
        "label": "Logo width",
        "min": 80,
        "max": 250,
        "step": 10,
        "unit": "px",
        "default": 120
      },
      {
        "type": "header",
        "content": "Newsletter"
      },
      {
        "type": "checkbox",
        "id": "footer_show_newsletter",
        "label": "Show newsletter signup",
        "default": true
      },
      {
        "type": "text",
        "id": "footer_newsletter_title",
        "label": "Newsletter title",
        "default": "Stay Connected"
      },
      {
        "type": "textarea",
        "id": "footer_newsletter_text",
        "label": "Newsletter description",
        "default": "Subscribe to receive updates, access to exclusive deals, and more."
      },
      {
        "type": "header",
        "content": "Payment Methods"
      },
      {
        "type": "checkbox",
        "id": "footer_show_payment_icons",
        "label": "Show payment icons",
        "default": true
      },
      {
        "type": "header",
        "content": "Copyright"
      },
      {
        "type": "text",
        "id": "footer_copyright_text",
        "label": "Copyright text",
        "default": "© 2024 Foltz Fanwear. All rights reserved."
      }
    ]
  },
  {
    "name": "Product Pages",
    "settings": [
      {
        "type": "header",
        "content": "Product Information"
      },
      {
        "type": "checkbox",
        "id": "product_show_vendor",
        "label": "Show vendor/brand",
        "default": true
      },
      {
        "type": "checkbox",
        "id": "product_show_sku",
        "label": "Show SKU",
        "default": true
      },
      {
        "type": "checkbox",
        "id": "product_show_breadcrumb",
        "label": "Show breadcrumb navigation",
        "default": true
      },
      {
        "type": "checkbox",
        "id": "product_show_share",
        "label": "Show social sharing buttons",
        "default": true
      },
      {
        "type": "header",
        "content": "Product Reviews"
      },
      {
        "type": "checkbox",
        "id": "product_show_reviews",
        "label": "Show product reviews",
        "default": true
      },
      {
        "type": "header",
        "content": "Product Badges"
      },
      {
        "type": "checkbox",
        "id": "product_show_sale_badge",
        "label": "Show sale badge",
        "default": true
      },
      {
        "type": "checkbox",
        "id": "product_show_new_badge",
        "label": "Show new badge",
        "default": true,
        "info": "Requires 'new' tag on product"
      },
      {
        "type": "checkbox",
        "id": "product_show_sold_out_badge",
        "label": "Show sold out badge",
        "default": true
      },
      {
        "type": "header",
        "content": "Product Gallery"
      },
      {
        "type": "checkbox",
        "id": "product_enable_zoom",
        "label": "Enable image zoom",
        "default": true
      },
      {
        "type": "select",
        "id": "product_gallery_layout",
        "label": "Gallery layout",
        "options": [
          {
            "value": "thumbnails-left",
            "label": "Thumbnails on left"
          },
          {
            "value": "thumbnails-bottom",
            "label": "Thumbnails on bottom"
          },
          {
            "value": "stacked",
            "label": "Stacked (no thumbnails)"
          }
        ],
        "default": "thumbnails-left"
      }
    ]
  },
  {
    "name": "Collection Pages",
    "settings": [
      {
        "type": "header",
        "content": "Collection Grid"
      },
      {
        "type": "range",
        "id": "collection_products_per_page",
        "label": "Products per page",
        "min": 12,
        "max": 48,
        "step": 12,
        "default": 24
      },
      {
        "type": "range",
        "id": "collection_grid_columns_desktop",
        "label": "Columns (desktop)",
        "min": 2,
        "max": 5,
        "step": 1,
        "default": 4
      },
      {
        "type": "range",
        "id": "collection_grid_columns_mobile",
        "label": "Columns (mobile)",
        "min": 1,
        "max": 3,
        "step": 1,
        "default": 2
      },
      {
        "type": "header",
        "content": "Filtering & Sorting"
      },
      {
        "type": "checkbox",
        "id": "collection_enable_filtering",
        "label": "Enable filtering",
        "default": true
      },
      {
        "type": "checkbox",
        "id": "collection_enable_sorting",
        "label": "Enable sorting",
        "default": true
      },
      {
        "type": "checkbox",
        "id": "collection_show_product_count",
        "label": "Show product count",
        "default": true
      }
    ]
  },
  {
    "name": "Cart",
    "settings": [
      {
        "type": "header",
        "content": "Cart Settings"
      },
      {
        "type": "select",
        "id": "cart_type",
        "label": "Cart type",
        "options": [
          {
            "value": "drawer",
            "label": "Drawer (slides from side)"
          },
          {
            "value": "page",
            "label": "Page"
          }
        ],
        "default": "drawer"
      },
      {
        "type": "checkbox",
        "id": "cart_show_note",
        "label": "Enable cart note",
        "default": false
      },
      {
        "type": "text",
        "id": "cart_free_shipping_threshold",
        "label": "Free shipping threshold",
        "info": "Amount in cents (e.g., 10000 for $100). Leave empty to disable."
      },
      {
        "type": "text",
        "id": "cart_free_shipping_message",
        "label": "Free shipping message",
        "default": "You're ${amount} away from free shipping!"
      }
    ]
  },
  {
    "name": "Social Media",
    "settings": [
      {
        "type": "header",
        "content": "Social Links"
      },
      {
        "type": "text",
        "id": "social_facebook_link",
        "label": "Facebook",
        "info": "https://facebook.com/yourpage"
      },
      {
        "type": "text",
        "id": "social_instagram_link",
        "label": "Instagram",
        "info": "https://instagram.com/yourpage"
      },
      {
        "type": "text",
        "id": "social_twitter_link",
        "label": "Twitter",
        "info": "https://twitter.com/yourpage"
      },
      {
        "type": "text",
        "id": "social_youtube_link",
        "label": "YouTube",
        "info": "https://youtube.com/yourchannel"
      },
      {
        "type": "text",
        "id": "social_tiktok_link",
        "label": "TikTok",
        "info": "https://tiktok.com/@yourpage"
      },
      {
        "type": "header",
        "content": "Social Sharing"
      },
      {
        "type": "image_picker",
        "id": "share_image",
        "label": "Default share image",
        "info": "Used when sharing pages without a featured image. Recommended size: 1200 x 630px"
      },
      {
        "type": "text",
        "id": "twitter_handle",
        "label": "Twitter handle",
        "info": "Without @, e.g., foltzfanwear"
      }
    ]
  },
  {
    "name": "SEO",
    "settings": [
      {
        "type": "header",
        "content": "Meta Tags"
      },
      {
        "type": "text",
        "id": "seo_title",
        "label": "Homepage SEO title",
        "info": "Leave empty to use store name"
      },
      {
        "type": "textarea",
        "id": "seo_description",
        "label": "Homepage meta description",
        "info": "Leave empty to use store description"
      },
      {
        "type": "header",
        "content": "Verifications"
      },
      {
        "type": "text",
        "id": "facebook_domain_verification",
        "label": "Facebook domain verification",
        "info": "Facebook Business Manager verification code"
      },
      {
        "type": "text",
        "id": "pinterest_verification",
        "label": "Pinterest verification",
        "info": "Pinterest site verification code"
      },
      {
        "type": "text",
        "id": "google_site_verification",
        "label": "Google site verification",
        "info": "Google Search Console verification code"
      },
      {
        "type": "header",
        "content": "Favicon"
      },
      {
        "type": "image_picker",
        "id": "favicon",
        "label": "Favicon",
        "info": "Recommended size: 32 x 32px or 64 x 64px. Will be displayed in browser tabs."
      }
    ]
  },
  {
    "name": "Search",
    "settings": [
      {
        "type": "header",
        "content": "Search Settings"
      },
      {
        "type": "checkbox",
        "id": "search_enable_suggestions",
        "label": "Enable search suggestions",
        "default": true,
        "info": "Show product suggestions as user types"
      },
      {
        "type": "range",
        "id": "search_suggestions_count",
        "label": "Number of suggestions",
        "min": 3,
        "max": 10,
        "step": 1,
        "default": 5
      },
      {
        "type": "checkbox",
        "id": "search_show_images",
        "label": "Show product images in suggestions",
        "default": true
      }
    ]
  },
  {
    "name": "Performance",
    "settings": [
      {
        "type": "header",
        "content": "Image Loading"
      },
      {
        "type": "select",
        "id": "image_loading",
        "label": "Image loading strategy",
        "options": [
          {
            "value": "eager",
            "label": "Eager (load immediately)"
          },
          {
            "value": "lazy",
            "label": "Lazy (load when visible)"
          }
        ],
        "default": "lazy",
        "info": "Lazy loading can improve page load speed"
      },
      {
        "type": "header",
        "content": "Animations"
      },
      {
        "type": "checkbox",
        "id": "enable_animations",
        "label": "Enable scroll animations",
        "default": true
      }
    ]
  }
]
